Number,TEOS concentration,Alcohol concentration,Ammonia concentration,Water concentration,NaCl concentration,Agitation,Temperature,Time,Mixture volume,Mixture mass,Mixture mass error,Container volume,Aggregate speed,Size,Standard deviation,Polydispersity,Measurement technique,Concentration Units,Alcohol,Year,Reference
1,0.2,,1.0,2.0,0,,25,,,,,125,,79.9,7.3,,TEM,M,EtOH,1988,10.1016/0022-3093(88)90187-1
2,0.25,,0.5,7.5,0,,25,,,,,125,,392.0,2.6,,TEM,M,EtOH,1988,10.1016/0022-3093(88)90187-1
3,0.17,,0.5,0.5,0,,25,,,,,125,,13.4,,,TEM,M,EtOH,1988,10.1016/0022-3093(88)90187-1
4,0.17,,0.5,1.0,0,,25,,,,,125,,26.9,,,TEM,M,EtOH,1988,10.1016/0022-3093(88)90187-1
5,0.17,,0.5,2.0,0,,25,,,,,125,,83.9,,,TEM,M,EtOH,1988,10.1016/0022-3093(88)90187-1
6,0.17,,0.5,3.0,0,,25,,,,,125,,154.4,,,TEM,M,EtOH,1988,10.1016/0022-3093(88)90187-1
7,0.17,,0.5,3.0,0,,25,,,,,125,,241.6,,,TEM,M,EtOH,1988,10.1016/0022-3093(88)90187-1
8,0.17,,0.5,5.0,0,,25,,,,,125,,245.0,,,TEM,M,EtOH,1988,10.1016/0022-3093(88)90187-1
9,0.17,,0.5,7.5,0,,25,,,,,125,,288.6,,,TEM,M,EtOH,1988,10.1016/0022-3093(88)90187-1
10,0.17,,0.5,10.0,0,,25,,,,,125,,275.2,,,TEM,M,EtOH,1988,10.1016/0022-3093(88)90187-1
11,0.17,,0.5,11.9,0,,25,,,,,125,,285.2,,,TEM,M,EtOH,1988,10.1016/0022-3093(88)90187-1
12,0.17,,0.5,12.5,0,,25,,,,,125,,318.8,,,TEM,M,EtOH,1988,10.1016/0022-3093(88)90187-1
13,0.17,,0.5,14.5,0,,25,,,,,125,,268.5,,,TEM,M,EtOH,1988,10.1016/0022-3093(88)90187-1
14,0.17,,1.0,1.0,0,,25,,,,,125,,50.4,,,TEM,M,EtOH,1988,10.1016/0022-3093(88)90187-1
15,0.17,,1.0,2.0,0,,25,,,,,125,,137.6,,,TEM,M,EtOH,1988,10.1016/0022-3093(88)90187-1
16,0.17,,1.0,3.0,0,,25,,,,,125,,278.5,,,TEM,M,EtOH,1988,10.1016/0022-3093(88)90187-1
17,0.17,,1.0,4.9,0,,25,,,,,125,,449.7,,,TEM,M,EtOH,1988,10.1016/0022-3093(88)90187-1
18,0.17,,1.0,7.0,0,,25,,,,,125,,483.2,,,TEM,M,EtOH,1988,10.1016/0022-3093(88)90187-1
19,0.17,,1.0,8.1,0,,25,,,,,125,,463.1,,,TEM,M,EtOH,1988,10.1016/0022-3093(88)90187-1
20,0.17,,1.0,10.0,0,,25,,,,,125,,456.4,,,TEM,M,EtOH,1988,10.1016/0022-3093(88)90187-1
21,0.17,,1.0,12.0,0,,25,,,,,125,,416.1,,,TEM,M,EtOH,1988,10.1016/0022-3093(88)90187-1
22,0.17,,1.0,14.0,0,,25,,,,,125,,372.5,,,TEM,M,EtOH,1988,10.1016/0022-3093(88)90187-1
23,0.17,,1.0,15.0,0,,25,,,,,125,,382.6,,,TEM,M,EtOH,1988,10.1016/0022-3093(88)90187-1
24,0.17,,2.0,5.1,0,,25,,,,,125,,614.1,,,TEM,M,EtOH,1988,10.1016/0022-3093(88)90187-1
25,0.17,,2.0,5.1,0,,25,,,,,125,,704.7,,,TEM,M,EtOH,1988,10.1016/0022-3093(88)90187-1
26,0.17,,2.0,7.1,0,,25,,,,,125,,637.6,,,TEM,M,EtOH,1988,10.1016/0022-3093(88)90187-1
27,0.17,,2.0,7.1,0,,25,,,,,125,,674.5,,,TEM,M,EtOH,1988,10.1016/0022-3093(88)90187-1
28,0.17,,2.0,9.1,0,,25,,,,,125,,704.7,,,TEM,M,EtOH,1988,10.1016/0022-3093(88)90187-1
29,0.17,,2.0,12.1,0,,25,,,,,125,,610.7,,,TEM,M,EtOH,1988,10.1016/0022-3093(88)90187-1
30,0.17,,2.0,14.1,0,,25,,,,,125,,496.6,,,TEM,M,EtOH,1988,10.1016/0022-3093(88)90187-1
31,0.17,,2.0,16.1,0,,25,,,,,125,,385.9,,,TEM,M,EtOH,1988,10.1016/0022-3093(88)90187-1
32,0.17,,3.0,8.2,0,,25,,,,,125,,594.0,,,TEM,M,EtOH,1988,10.1016/0022-3093(88)90187-1
33,0.17,,3.0,8.2,0,,25,,,,,125,,637.6,,,TEM,M,EtOH,1988,10.1016/0022-3093(88)90187-1
34,0.17,,3.0,10.2,0,,25,,,,,125,,590.6,,,TEM,M,EtOH,1988,10.1016/0022-3093(88)90187-1
35,0.17,,3.0,13.2,0,,25,,,,,125,,540.3,,,TEM,M,EtOH,1988,10.1016/0022-3093(88)90187-1
36,0.17,,3.0,15.3,0,,25,,,,,125,,443.0,,,TEM,M,EtOH,1988,10.1016/0022-3093(88)90187-1
37,0.17,,3.0,15.2,0,,25,,,,,125,,483.2,,,TEM,M,EtOH,1988,10.1016/0022-3093(88)90187-1
38,0.17,,3.0,17.2,0,,25,,,,,125,,406.0,,,TEM,M,EtOH,1988,10.1016/0022-3093(88)90187-1
39,0.3,,0.5,2.0,0,,25,,,,,125,,55.7,,,TEM,M,EtOH,1988,10.1016/0022-3093(88)90187-1
40,0.3,,0.5,3.0,0,,25,,,,,125,,97.5,,,TEM,M,EtOH,1988,10.1016/0022-3093(88)90187-1
41,0.3,,0.5,5.0,0,,25,,,,,125,,280.6,,,TEM,M,EtOH,1988,10.1016/0022-3093(88)90187-1
42,0.3,,0.5,7.0,0,,25,,,,,125,,467.7,,,TEM,M,EtOH,1988,10.1016/0022-3093(88)90187-1
43,0.3,,0.5,10.0,0,,25,,,,,125,,441.8,,,TEM,M,EtOH,1988,10.1016/0022-3093(88)90187-1
44,0.3,,0.5,12.0,0,,25,,,,,125,,360.2,,,TEM,M,EtOH,1988,10.1016/0022-3093(88)90187-1
45,0.3,,0.5,14.0,0,,25,,,,,125,,358.2,,,TEM,M,EtOH,1988,10.1016/0022-3093(88)90187-1
46,0.3,,1.0,7.0,0,,25,,,,,125,,491.5,,,TEM,M,EtOH,1988,10.1016/0022-3093(88)90187-1
47,0.3,,1.0,8.1,0,,25,,,,,125,,616.9,,,TEM,M,EtOH,1988,10.1016/0022-3093(88)90187-1
48,0.3,,1.0,12.0,0,,25,,,,,125,,425.9,,,TEM,M,EtOH,1988,10.1016/0022-3093(88)90187-1
49,0.3,,1.0,14.0,0,,25,,,,,125,,402.0,,,TEM,M,EtOH,1988,10.1016/0022-3093(88)90187-1
50,0.3,,1.0,17.8,0,,25,,,,,125,,525.4,,,TEM,M,EtOH,1988,10.1016/0022-3093(88)90187-1
51,0.3,,2.0,7.1,0,,25,,,,,125,,855.7,,,TEM,M,EtOH,1988,10.1016/0022-3093(88)90187-1
52,0.3,,2.0,9.2,0,,25,,,,,125,,857.7,,,TEM,M,EtOH,1988,10.1016/0022-3093(88)90187-1
53,0.3,,2.0,9.2,0,,25,,,,,125,,758.2,,,TEM,M,EtOH,1988,10.1016/0022-3093(88)90187-1
54,0.3,,2.0,11.2,0,,25,,,,,125,,732.3,,,TEM,M,EtOH,1988,10.1016/0022-3093(88)90187-1
55,0.3,,2.0,14.2,0,,25,,,,,125,,541.3,,,TEM,M,EtOH,1988,10.1016/0022-3093(88)90187-1
56,0.3,,2.0,15.2,0,,25,,,,,125,,551.2,,,TEM,M,EtOH,1988,10.1016/0022-3093(88)90187-1
57,0.3,,2.0,16.2,0,,25,,,,,125,,521.4,,,TEM,M,EtOH,1988,10.1016/0022-3093(88)90187-1
58,0.3,,3.0,13.3,0,,25,,,,,125,,628.9,,,TEM,M,EtOH,1988,10.1016/0022-3093(88)90187-1
59,0.3,,3.0,15.3,0,,25,,,,,125,,579.1,,,TEM,M,EtOH,1988,10.1016/0022-3093(88)90187-1
60,0.3,,3.0,17.2,0,,25,,,,,125,,549.3,,,TEM,M,EtOH,1988,10.1016/0022-3093(88)90187-1
61,0.17,,1.0,1.0,0,,25,,,,,125,,49.5,,,TEM,M,EtOH,1988,10.1016/0022-3093(88)90187-1
62,0.17,,1.0,2.0,0,,25,,,,,125,,136.7,,,TEM,M,EtOH,1988,10.1016/0022-3093(88)90187-1
63,0.17,,1.0,3.0,0,,25,,,,,125,,278.1,,,TEM,M,EtOH,1988,10.1016/0022-3093(88)90187-1
64,0.17,,1.0,5.0,0,,25,,,,,125,,447.6,,,TEM,M,EtOH,1988,10.1016/0022-3093(88)90187-1
65,0.17,,1.0,7.0,0,,25,,,,,125,,481.0,,,TEM,M,EtOH,1988,10.1016/0022-3093(88)90187-1
66,0.17,,1.0,8.1,0,,25,,,,,125,,460.0,,,TEM,M,EtOH,1988,10.1016/0022-3093(88)90187-1
67,0.17,,1.0,10.0,0,,25,,,,,125,,457.4,,,TEM,M,EtOH,1988,10.1016/0022-3093(88)90187-1
68,0.17,,1.0,12.0,0,,25,,,,,125,,413.8,,,TEM,M,EtOH,1988,10.1016/0022-3093(88)90187-1
69,0.17,,1.0,14.0,0,,25,,,,,125,,371.8,,,TEM,M,EtOH,1988,10.1016/0022-3093(88)90187-1
70,0.17,,1.0,15.0,0,,25,,,,,125,,382.0,,,TEM,M,EtOH,1988,10.1016/0022-3093(88)90187-1
71,0.17,,1.0,17.0,0,,25,,,,,125,,318.7,,,TEM,M,EtOH,1988,10.1016/0022-3093(88)90187-1
72,0.17,,1.0,19.0,0,,25,,,,,125,,271.8,,,TEM,M,EtOH,1988,10.1016/0022-3093(88)90187-1
73,0.17,,1.0,23.0,0,,25,,,,,125,,222.3,,,TEM,M,EtOH,1988,10.1016/0022-3093(88)90187-1
74,0.17,,1.0,25.0,0,,25,,,,,125,,204.9,,,TEM,M,EtOH,1988,10.1016/0022-3093(88)90187-1
75,0.17,,1.0,3.0,0,,25,,,,,125,,279.0,,,TEM,M,EtOH,1988,10.1016/0022-3093(88)90187-1
76,0.17,,1.0,19.0,0,,25,,,,,125,,270.0,,,TEM,M,EtOH,1988,10.1016/0022-3093(88)90187-1
77,0.1,,1.0,7.0,0,,9,,,,,125,,515.9,,,TEM,M,EtOH,1988,10.1016/0022-3093(88)90187-1
78,0.1,,1.0,7.0,0,,25,,,,,125,,382.7,,,TEM,M,EtOH,1988,10.1016/0022-3093(88)90187-1
79,0.1,,1.0,7.0,0,,35,,,,,125,,341.4,,,TEM,M,EtOH,1988,10.1016/0022-3093(88)90187-1
80,0.1,,1.0,7.0,0,,45,,,,,125,,221.3,,,TEM,M,EtOH,1988,10.1016/0022-3093(88)90187-1
81,0.1,,1.0,7.0,0,,55,,,,,125,,168.8,,,TEM,M,EtOH,1988,10.1016/0022-3093(88)90187-1
82,0.25,,1.0,7.0,0,,9,,,,,125,,791.7,,,TEM,M,EtOH,1988,10.1016/0022-3093(88)90187-1
83,0.25,,1.0,7.0,0,,25,,,,,125,,652.9,,,TEM,M,EtOH,1988,10.1016/0022-3093(88)90187-1
84,0.25,,1.0,7.0,0,,35,,,,,125,,384.6,,,TEM,M,EtOH,1988,10.1016/0022-3093(88)90187-1
85,0.25,,1.0,7.0,0,,45,,,,,125,,275.7,,,TEM,M,EtOH,1988,10.1016/0022-3093(88)90187-1
86,0.25,,1.0,7.0,0,,55,,,,,125,,213.8,,,TEM,M,EtOH,1988,10.1016/0022-3093(88)90187-1
87,0.35,,1.0,7.0,0,,9,,,,,125,,739.2,,,TEM,M,EtOH,1988,10.1016/0022-3093(88)90187-1
88,0.35,,1.0,7.0,0,,25,,,,,125,,681.0,,,TEM,M,EtOH,1988,10.1016/0022-3093(88)90187-1
89,0.35,,1.0,7.0,0,,35,,,,,125,,431.5,,,TEM,M,EtOH,1988,10.1016/0022-3093(88)90187-1
90,0.35,,1.0,7.0,0,,45,,,,,125,,350.8,,,TEM,M,EtOH,1988,10.1016/0022-3093(88)90187-1
91,0.35,,1.0,7.0,0,,55,,,,,125,,275.7,,,TEM,M,EtOH,1988,10.1016/0022-3093(88)90187-1
92,0.17,,1.0,3.8,0,200,25,6,,,,100,,115.9,,,TEM,M,EtOH,1990,10.1016/0021-9797(91)90029-8
93,0.17,,1.0,3.8,0,200,25,14,,,,100,,191.6,,,TEM,M,EtOH,1990,10.1016/0021-9797(91)90029-8
94,0.17,,1.0,3.8,0,200,25,30,,,,100,,261.4,,,TEM,M,EtOH,1990,10.1016/0021-9797(91)90029-8
95,0.17,,1.0,3.8,0,200,25,60,,,,100,,327.7,,,TEM,M,EtOH,1990,10.1016/0021-9797(91)90029-8
96,0.17,,1.0,3.8,0,200,25,90,,,,100,,352.2,,,TEM,M,EtOH,1990,10.1016/0021-9797(91)90029-8
97,0.17,,1.0,3.8,0,200,25,120,,,,100,,355.9,,,TEM,M,EtOH,1990,10.1016/0021-9797(91)90029-8
98,0.17,,1.0,3.8,0,200,25,150,,,,100,,363.9,,,TEM,M,EtOH,1990,10.1016/0021-9797(91)90029-8
99,0.17,,1.0,3.8,0,200,25,180,,,,100,,378.3,,,TEM,M,EtOH,1990,10.1016/0021-9797(91)90029-8
100,0.17,,1.0,3.8,0,200,25,210,,,,100,,374.4,,,TEM,M,EtOH,1990,10.1016/0021-9797(91)90029-8
101,0.17,,1.0,6.8,0,200,25,4,,,,100,,137.3,,,TEM,M,EtOH,1990,10.1016/0021-9797(91)90029-8
102,0.17,,1.0,6.8,0,200,25,6,,,,100,,222.6,,,TEM,M,EtOH,1990,10.1016/0021-9797(91)90029-8
103,0.17,,1.0,6.8,0,200,25,8,,,,100,,260.2,,,TEM,M,EtOH,1990,10.1016/0021-9797(91)90029-8
104,0.17,,1.0,6.8,0,200,25,10,,,,100,,295.8,,,TEM,M,EtOH,1990,10.1016/0021-9797(91)90029-8
105,0.17,,1.0,6.8,0,200,25,15,,,,100,,348,,,TEM,M,EtOH,1990,10.1016/0021-9797(91)90029-8
106,0.17,,1.0,6.8,0,200,25,30,,,,100,,437.4,,,TEM,M,EtOH,1990,10.1016/0021-9797(91)90029-8
107,0.17,,1.0,6.8,0,200,25,60,,,,100,,494.20,,,TEM,M,EtOH,1990,10.1016/0021-9797(91)90029-8
108,0.17,,1.0,6.8,0,200,25,90,,,,100,,513,,,TEM,M,EtOH,1990,10.1016/0021-9797(91)90029-8
109,0.17,,1.0,6.8,0,200,25,120,,,,100,,519.40,,,TEM,M,EtOH,1990,10.1016/0021-9797(91)90029-8
110,0.17,,1.0,6.8,0,200,25,150,,,,100,,523.8,,,TEM,M,EtOH,1990,10.1016/0021-9797(91)90029-8
111,0.17,,1.0,6.8,0,200,25,180,,,,100,,530.40,,,TEM,M,EtOH,1990,10.1016/0021-9797(91)90029-8
112,0.17,,1.0,6.8,0,200,25,210,,,,100,,503.9,,,TEM,M,EtOH,1990,10.1016/0021-9797(91)90029-8
113,0.17,,1.0,9.5,0,200,25,5,,,,100,,172.7,,,TEM,M,EtOH,1990,10.1016/0021-9797(91)90029-8
114,0.17,,1.0,9.5,0,200,25,10,,,,100,,256.3,,,TEM,M,EtOH,1990,10.1016/0021-9797(91)90029-8
115,0.17,,1.0,9.5,0,200,25,15,,,,100,,293.3,,,TEM,M,EtOH,1990,10.1016/0021-9797(91)90029-8
116,0.17,,1.0,9.5,0,200,25,20,,,,100,,332.1,,,TEM,M,EtOH,1990,10.1016/0021-9797(91)90029-8
117,0.17,,1.0,9.5,0,200,25,25,,,,100,,346.4,,,TEM,M,EtOH,1990,10.1016/0021-9797(91)90029-8
118,0.17,,1.0,9.5,0,200,25,35,,,,100,,381.2,,,TEM,M,EtOH,1990,10.1016/0021-9797(91)90029-8
119,0.17,,1.0,9.5,0,200,25,45,,,,100,,382.9,,,TEM,M,EtOH,1990,10.1016/0021-9797(91)90029-8
120,0.17,,1.0,9.5,0,200,25,60,,,,100,,407.9,,,TEM,M,EtOH,1990,10.1016/0021-9797(91)90029-8
121,0.17,,1.0,9.5,0,200,25,75,,,,100,,412.90,,,TEM,M,EtOH,1990,10.1016/0021-9797(91)90029-8
122,0.17,,1.0,3.8,0,200,25,1200,,,,100,,392,6,,TEM,M,EtOH,1990,10.1016/0021-9797(91)90029-8
123,0.17,,1.0,6.8,0,200,25,1200,,,,100,,531.4,3,,TEM,M,EtOH,1990,10.1016/0021-9797(91)90029-8
124,0.17,,1.0,9.5,0,200,25,1200,,,,100,,412.3,5,,TEM,M,EtOH,1990,10.1016/0021-9797(91)90029-8
125,0.17,,1.0,15.0,0,200,25,2.5,,,,100,,129.2,,,TEM,M,EtOH,1990,10.1016/0021-9797(91)90029-8
126,0.17,,1.0,15.0,0,200,25,5,,,,100,,204,,,TEM,M,EtOH,1990,10.1016/0021-9797(91)90029-8
127,0.17,,1.0,15.0,0,200,25,10,,,,100,,242.6,,,TEM,M,EtOH,1990,10.1016/0021-9797(91)90029-8
128,0.17,,1.0,15.0,0,200,25,15,,,,100,,289.5,,,TEM,M,EtOH,1990,10.1016/0021-9797(91)90029-8
129,0.17,,1.0,15.0,0,200,25,20,,,,100,,309.5,,,TEM,M,EtOH,1990,10.1016/0021-9797(91)90029-8
130,0.17,,1.0,15.0,0,200,25,25,,,,100,,314.6,,,TEM,M,EtOH,1990,10.1016/0021-9797(91)90029-8
131,0.17,,1.0,15.0,0,200,25,35,,,,100,,331.5,,,TEM,M,EtOH,1990,10.1016/0021-9797(91)90029-8
132,0.17,,1.0,15.0,0,200,25,45,,,,100,,324.6,,,TEM,M,EtOH,1990,10.1016/0021-9797(91)90029-8
133,0.17,,1.0,15.0,0,200,25,60,,,,100,,325.9,,,TEM,M,EtOH,1990,10.1016/0021-9797(91)90029-8
134,0.17,,1.0,15.0,0,200,25,1200,,,,100,,343.1,6,,TEM,M,EtOH,1990,10.1016/0021-9797(91)90029-8
135,0.17,,0.5,15.0,0,200,25,,,,,100,,269,8,,TEM,M,EtOH,1990,10.1016/0021-9797(91)90029-8
136,0.17,,2.0,15.0,0,200,25,,,,,100,,453,2,,TEM,M,EtOH,1990,10.1016/0021-9797(91)90029-8
137,0.17,,3.0,15.0,0,200,25,,,,,100,,459,1,,TEM,M,EtOH,1990,10.1016/0021-9797(91)90029-8
138,0.5,,0.1,1.1,0,,25,157,,,,,,16.8,25.6,,SAXS,M,EtOH,2000,10.1006/jcis.2000.7007 
139,0.5,,0.1,1.1,0,,25,193,,,,,,17.5,25.1,,SAXS,M,EtOH,2000,10.1006/jcis.2000.7007 
140,0.5,,0.1,1.1,0,,25,263,,,,,,18.1,25.8,,SAXS,M,EtOH,2000,10.1006/jcis.2000.7007 
141,0.5,,0.1,1.1,0,,25,323,,,,,,18.7,,,SAXS,M,EtOH,2000,10.1006/jcis.2000.7007 
142,0.5,,0.1,1.1,0,,25,358,,,,,,19.3,24.3,,SAXS,M,EtOH,2000,10.1006/jcis.2000.7007 
143,0.5,,0.1,1.1,0,,25,388,,,,,,19.5,,,SAXS,M,EtOH,2000,10.1006/jcis.2000.7007 
144,0.5,,0.1,1.1,0,,25,459,,,,,,19.8,24.6,,SAXS,M,EtOH,2000,10.1006/jcis.2000.7007 
145,0.5,,0.1,1.1,0,,25,553,,,,,,20.0,,,SAXS,M,EtOH,2000,10.1006/jcis.2000.7007 
146,0.5,,0.1,1.1,0,,25,500,,,,,,20.3,,,SAXS,M,EtOH,2000,10.1006/jcis.2000.7007 
147,0.5,,0.1,1.1,0,,25,536,,,,,,20.7,23.1,,SAXS,M,EtOH,2000,10.1006/jcis.2000.7007 
148,0.5,,0.1,1.1,0,,25,606,,,,,,20.5,,,SAXS,M,EtOH,2000,10.1006/jcis.2000.7007 
149,0.5,,0.1,1.1,0,,25,690,,,,,,22.4,19.6,,SAXS,M,EtOH,2000,10.1006/jcis.2000.7007 
150,0.5,,0.1,1.1,0,,25,737,,,,,,22.4,,,SAXS,M,EtOH,2000,10.1006/jcis.2000.7007 
151,0.5,,0.1,1.1,0,,25,760,,,,,,22.7,19.6,,SAXS,M,EtOH,2000,10.1006/jcis.2000.7007 
152,0.5,,0.1,1.1,0,,25,807,,,,,,22.9,,,SAXS,M,EtOH,2000,10.1006/jcis.2000.7007 
153,0.5,,0.1,1.1,0,,25,854,,,,,,22.8,19.8,,SAXS,M,EtOH,2000,10.1006/jcis.2000.7007 
154,0.5,,0.1,1.1,0,,25,1461,,,,,,24.1,19.5,,SAXS,M,EtOH,2000,10.1006/jcis.2000.7007 
155,0.5,,0.1,1.1,0,,25,2386,,,,,,25.6,13.6,,SAXS,M,EtOH,2000,10.1006/jcis.2000.7007 
156,0.5,,0.1,1.1,0,,25,2992,,,,,,26.1,11.7,,SAXS,M,EtOH,2000,10.1006/jcis.2000.7007 
157,0.5,,0.1,1.1,0,,25,339,,,,,,16.6,30.8,,SAXS,M,BuOH,2000,10.1006/jcis.2000.7007 
158,0.5,,0.1,1.1,0,,25,564,,,,,,18.5,24.8,,SAXS,M,BuOH,2000,10.1006/jcis.2000.7007 
159,0.5,,0.1,1.1,0,,25,670,,,,,,18.7,25.2,,SAXS,M,BuOH,2000,10.1006/jcis.2000.7007 
160,0.5,,0.1,1.1,0,,25,787,,,,,,18.6,24.6,,SAXS,M,BuOH,2000,10.1006/jcis.2000.7007 
161,0.5,,0.1,1.1,0,,25,1353,,,,,,19.8,18.5,,SAXS,M,BuOH,2000,10.1006/jcis.2000.7007 
162,0.5,,0.1,1.1,0,,25,1982,,,,,,20.0,17.5,,SAXS,M,BuOH,2000,10.1006/jcis.2000.7007 
163,0.5,,0.1,1.1,0,,25,303,,,,,,15.8,31.7,,SAXS,M,PrOH,2000,10.1006/jcis.2000.7007 
164,0.5,,0.1,1.1,0,,25,433,,,,,,16.2,30.9,,SAXS,M,PrOH,2000,10.1006/jcis.2000.7007 
165,0.5,,0.1,1.1,0,,25,570,,,,,,19.0,30.5,,SAXS,M,PrOH,2000,10.1006/jcis.2000.7007 
166,0.5,,0.1,1.1,0,,25,664,,,,,,18.2,29.6,,SAXS,M,PrOH,2000,10.1006/jcis.2000.7007 
167,0.5,,0.1,1.1,0,,25,752,,,,,,18.3,28.3,,SAXS,M,PrOH,2000,10.1006/jcis.2000.7007 
168,0.5,,0.1,1.1,0,,25,847,,,,,,19.3,,,SAXS,M,PrOH,2000,10.1006/jcis.2000.7007 
169,0.5,,0.1,1.1,0,,25,1353,,,,,,19.5,24.7,,SAXS,M,PrOH,2000,10.1006/jcis.2000.7007 
170,0.5,,0.1,1.1,0,,25,1923,,,,,,19.0,24.8,,SAXS,M,PrOH,2000,10.1006/jcis.2000.7007 
171,0.5,,0.1,1.1,0,,25,2859,,,,,,20.0,22.3,,SAXS,M,PrOH,2000,10.1006/jcis.2000.7007 
172,0.15,,0.3,8.8,0,,,180,,,,,,310,0.4,,SEM,M,EtOH,1998,10.1016/S0927-7757(98)00566-4
173,0.15,,0.1,8.8,0,,,180,,,,,,96.6,3,,SEM,M,EtOH,1998,10.1016/S0927-7757(98)00566-4
174,0.5,,0.2,15,0,,,180,,,,,,114,4,,SEM,M,EtOH,1998,10.1016/S0927-7757(98)00566-4
175,0.5,,0.2,9,0,,,180,,,,,,151,10,,SEM,M,EtOH,1998,10.1016/S0927-7757(98)00566-4
176,0.5,,0.2,6,0,,,180,,,,,,97,5,,SEM,M,EtOH,1998,10.1016/S0927-7757(98)00566-4
177,0.17,,1,8,0,,,60,150,,,,,506.2,,,DLS,M,EtOH,2015,grad2015
178,0.17,,1,2,0,,,60,150,,,,,401.5,,,DLS,M,EtOH,2015,grad2015
179,0.17,,0.25,8,0,,,60,75,,,,,264.9,,,DLS,M,EtOH,2015,grad2015
180,0.17,,1,15,0,,,60,75,,,,,413.7,,,DLS,M,EtOH,2015,grad2015
181,0.17,,1,2,0,,,60,30,,,,,320.1,,,DLS,M,EtOH,2015,grad2015
182,0.17,,1,15,0,,,60,30,,,,,333.4,,,DLS,M,EtOH,2015,grad2015
183,0.17,,1,8,0,,,60,150,,,,,450,,,SEM,M,EtOH,2015,grad2015
184,0.17,,1,2,0,,,60,150,,,,,300,,,SEM,M,EtOH,2015,grad2015
185,0.17,,1,15,0,,,60,75,,,,,325,7.7,,SEM,M,EtOH,2015,grad2015
186,0.17,,1,2,0,,,60,30,,,,,265,1.9,,SEM,M,EtOH,2015,grad2015
187,0.17,,1,15,0,,,60,30,,,,,290,3.5,,SEM,M,EtOH,2015,grad2015
188,0.17,,1,15,0,,19,1440,80,,,125,,370.39,6.0,,SEM,M,EtOH,2019,grad2019
189,0.17,,1,3,0,,19,1440,80,,,125,,263.2,6.2,,SEM,M,EtOH,2019,grad2019
190,0.17,,2,15,0,,19,1440,80,,,125,,385.4,2.9,,SEM,M,EtOH,2019,grad2019
191,0.17,,1,15,0,,19,1440,80,,,125,,372.3,2.6,,DLS,M,EtOH,2019,grad2019
192,0.17,,1,3,0,,19,1440,80,,,125,,282.2,0.9,,DLS,M,EtOH,2019,grad2019
193,0.17,,2,15,0,,19,1440,80,,,125,,412.3,2.0,,DLS,M,EtOH,2019,grad2019
194,0.32,6.42,0.53,31.1,0,350,70,120,,,,,,38.0,5.1,,DLS,M,EtOH,2019,10.1016/j.colsurfa.2019.05.053
195,0.32,6.42,0.56,31.1,0,350,70,120,,,,,,58.5,1.0,,DLS,M,EtOH,2019,10.1016/j.colsurfa.2019.05.053
196,0.32,6.42,0.59,31.1,0,350,70,120,,,,,,54.9,5.6,,DLS,M,EtOH,2019,10.1016/j.colsurfa.2019.05.053
197,0.32,6.42,0.63,31.1,0,350,70,120,,,,,,132.7,2.8,,DLS,M,EtOH,2019,10.1016/j.colsurfa.2019.05.053
198,0.32,6.42,0.7,31.1,0,350,70,120,,,,,,169.8,3.9,,DLS,M,EtOH,2019,10.1016/j.colsurfa.2019.05.053
199,0.32,11.8,0.22,13.8,0,350,70,120,,,,,,25.2,4.6,,DLS,M,EtOH,2019,10.1016/j.colsurfa.2019.05.053
200,0.32,11.8,0.27,13.8,0,350,70,120,,,,,,36.4,5.8,,DLS,M,EtOH,2019,10.1016/j.colsurfa.2019.05.053
201,0.32,11.8,0.31,13.8,0,350,70,120,,,,,,39.7,3.4,,DLS,M,EtOH,2019,10.1016/j.colsurfa.2019.05.053
202,0.32,11.8,0.36,13.8,0,350,70,120,,,,,,60.4,4.5,,DLS,M,EtOH,2019,10.1016/j.colsurfa.2019.05.053
203,0.32,11.8,0.45,13.8,0,350,70,120,,,,,,94.3,1.2,,DLS,M,EtOH,2019,10.1016/j.colsurfa.2019.05.053
204,0.31,6.3,0.18,13,0,350,70,120,,,,,,17.15,,,DLS,M,EtOH,2019,10.1016/j.colsurfa.2019.05.053
205,0.31,17.2,0.18,13,0,350,70,120,,,,,,20.60,,,DLS,M,EtOH,2019,10.1016/j.colsurfa.2019.05.053
206,0.54,6.3,0.18,13,0,350,70,120,,,,,,23.50,,,DLS,M,EtOH,2019,10.1016/j.colsurfa.2019.05.053
207,0.54,17.2,0.18,13,0,350,70,120,,,,,,12.10,,,DLS,M,EtOH,2019,10.1016/j.colsurfa.2019.05.053
208,0.31,6.3,0.18,41.2,0,350,70,120,,,,,,11.50,,,DLS,M,EtOH,2019,10.1016/j.colsurfa.2019.05.053
209,0.31,17.2,0.18,41.2,0,350,70,120,,,,,,13.20,,,DLS,M,EtOH,2019,10.1016/j.colsurfa.2019.05.053
210,0.54,6.3,0.18,41.2,0,350,70,120,,,,,,10.55,,,DLS,M,EtOH,2019,10.1016/j.colsurfa.2019.05.053
211,0.54,17.2,0.18,41.2,0,350,70,120,,,,,,9.00,,,DLS,M,EtOH,2019,10.1016/j.colsurfa.2019.05.053
212,0.31,6.3,0.35,13,0,350,70,120,,,,,,11.70,,,DLS,M,EtOH,2019,10.1016/j.colsurfa.2019.05.053
213,0.31,17.2,0.35,13,0,350,70,120,,,,,,11.30,,,DLS,M,EtOH,2019,10.1016/j.colsurfa.2019.05.053
214,0.54,6.3,0.35,13,0,350,70,120,,,,,,15.30,,,DLS,M,EtOH,2019,10.1016/j.colsurfa.2019.05.053
215,0.54,17.2,0.35,13,0,350,70,120,,,,,,36.75,,,DLS,M,EtOH,2019,10.1016/j.colsurfa.2019.05.053
216,0.31,6.3,0.35,41.2,0,350,70,120,,,,,,19.60,,,DLS,M,EtOH,2019,10.1016/j.colsurfa.2019.05.053
217,0.31,17.2,0.35,41.2,0,350,70,120,,,,,,31.05,,,DLS,M,EtOH,2019,10.1016/j.colsurfa.2019.05.053
218,0.54,6.3,0.35,41.2,0,350,70,120,,,,,,83.60,,,DLS,M,EtOH,2019,10.1016/j.colsurfa.2019.05.053
219,0.54,17.2,0.35,41.2,0,350,70,120,,,,,,47.35,,,DLS,M,EtOH,2019,10.1016/j.colsurfa.2019.05.053
220,0.37,,0.2,3.2,0,,25,2880,,,,100,,22.0,,,DLS,M,EtOH,2016,10.1080/01932691.2016.1143373
221,0.37,,0.42,2.85,0,,25,2880,,,,100,,58.9,,,DLS,M,EtOH,2016,10.1080/01932691.2016.1143373
222,0.37,,0.22,6.3,0,,25,2880,,,,100,,61.8,,,DLS,M,EtOH,2016,10.1080/01932691.2016.1143373
223,0.37,,0.5,3.7,0,,25,2880,,,,100,,99.8,,,DLS,M,EtOH,2016,10.1080/01932691.2016.1143373
224,0.37,,0.22,8.3,0,,25,2880,,,,100,,100.0,,,DLS,M,EtOH,2016,10.1080/01932691.2016.1143373
225,0.37,,0.36,6,0,,25,2880,,,,100,,98.9,,,DLS,M,EtOH,2016,10.1080/01932691.2016.1143373
226,0.37,,0.28,3.8,0,,45,2880,,,,100,,21.0,,,DLS,M,EtOH,2016,10.1080/01932691.2016.1143373
227,0.37,,0.5,3.2,0,,45,2880,,,,100,,61.0,,,DLS,M,EtOH,2016,10.1080/01932691.2016.1143373
228,0.37,,0.3200,6,0,,45,2880,,,,100,,63.0,,,DLS,M,EtOH,2016,10.1080/01932691.2016.1143373
229,0.37,,0.25,4,0,,25,2880,,,,100,,42.0,,,DLS,M,EtOH,2016,10.1080/01932691.2016.1143373
230,0.37,,0.25,6.3,0,,25,2880,,,,100,,65.0,,,DLS,M,EtOH,2016,10.1080/01932691.2016.1143373
231,0.37,,0.2,6.5,0,,15,2880,,,,100,,70.4,,,DLS,M,EtOH,2016,10.1080/01932691.2016.1143373
232,0.37,,0.5,2.9,0,,30,2880,,,,100,,80.0,,,DLS,M,EtOH,2016,10.1080/01932691.2016.1143373
233,0.37,,0.5,3,0,,25,2880,,,,100,,90.0,,,DLS,M,EtOH,2016,10.1080/01932691.2016.1143373
234,0.37,,0.25,3.95,0,,15,2880,,,,100,,53.8,,0.039,DLS,M,EtOH,2016,10.1080/01932691.2016.1143373
235,0.37,,0.25,3.95,0,,25,2880,,,,100,,41.9,,0.073,DLS,M,EtOH,2016,10.1080/01932691.2016.1143373
236,0.37,,0.25,3.95,0,,35,2880,,,,100,,32.7,,0.139,DLS,M,EtOH,2016,10.1080/01932691.2016.1143373
237,0.37,,0.25,3.95,0,,45,2880,,,,100,,20.7,,0.247,DLS,M,EtOH,2016,10.1080/01932691.2016.1143373
238,0.37,,0.15,3.95,0,,25,2880,,,,100,,21.3,,0.204,DLS,M,EtOH,2016,10.1080/01932691.2016.1143373
239,0.37,,0.2,3.95,0,,25,2880,,,,100,,33.3,,0.128,DLS,M,EtOH,2016,10.1080/01932691.2016.1143373
240,0.37,,0.25,3.95,0,,25,2880,,,,100,,42.2,,0.069,DLS,M,EtOH,2016,10.1080/01932691.2016.1143373
241,0.37,,0.3,3.95,0,,25,2880,,,,100,,54.0,,0.016,DLS,M,EtOH,2016,10.1080/01932691.2016.1143373
242,0.37,,0.35,3.95,0,,25,2880,,,,100,,67.3,,0.031,DLS,M,EtOH,2016,10.1080/01932691.2016.1143373
243,0.37,,0.4,3.95,0,,25,2880,,,,100,,76.3,,0.025,DLS,M,EtOH,2016,10.1080/01932691.2016.1143373
244,0.37,,0.45,3.95,0,,25,2880,,,,100,,85.4,,0.036,DLS,M,EtOH,2016,10.1080/01932691.2016.1143373
245,0.37,,0.25,0.65,0,,25,2880,,,,100,,12.9,,0.233,DLS,M,EtOH,2016,10.1080/01932691.2016.1143373
246,0.37,,0.25,1.71,0,,25,2880,,,,100,,16.9,,0.195,DLS,M,EtOH,2016,10.1080/01932691.2016.1143373
247,0.37,,0.25,2.84,0,,25,2880,,,,100,,27.5,,0.124,DLS,M,EtOH,2016,10.1080/01932691.2016.1143373
248,0.37,,0.25,3.93,0,,25,2880,,,,100,,42.3,,0.076,DLS,M,EtOH,2016,10.1080/01932691.2016.1143373
249,0.37,,0.25,5.03,0,,25,2880,,,,100,,57.1,,0.068,DLS,M,EtOH,2016,10.1080/01932691.2016.1143373
250,0.37,,0.25,6.15,0,,25,2880,,,,100,,70.2,,0.059,DLS,M,EtOH,2016,10.1080/01932691.2016.1143373
251,0.37,,0.25,7.21,0,,25,2880,,,,100,,83.0,,0.041,DLS,M,EtOH,2016,10.1080/01932691.2016.1143373
252,0.37,,0.25,8.31,0,,25,2880,,,,100,,96.3,,0.046,DLS,M,EtOH,2016,10.1080/01932691.2016.1143373
253,0.37,,0.25,10.53,0,,25,2880,,,,100,,100.8,,0.034,DLS,M,EtOH,2016,10.1080/01932691.2016.1143373
254,0.37,,0.25,13.81,0,,25,2880,,,,100,,97.9,,0.057,DLS,M,EtOH,2016,10.1080/01932691.2016.1143373
255,0.37,,0.25,16.03,0,,25,2880,,,,100,,83.8,,0.061,DLS,M,EtOH,2016,10.1080/01932691.2016.1143373
256,0.37,,0.25,3.95,0,,25,2880,,,,100,,41.9,,,DLS,M,EtOH,2016,10.1080/01932691.2016.1143373
257,0.55,,0.25,3.95,0,,25,2880,,,,100,,33.8,,,DLS,M,EtOH,2016,10.1080/01932691.2016.1143373
258,0.73,,0.25,3.95,0,,25,2880,,,,100,,30.9,,,DLS,M,EtOH,2016,10.1080/01932691.2016.1143373
259,0.81,,0.25,3.95,0,,25,2880,,,,100,,29.4,,,DLS,M,EtOH,2016,10.1080/01932691.2016.1143373
260,0.37,,0.30,3.95,0,,25,2880,,,,100,,54.9,,,DLS,M,EtOH,2016,10.1080/01932691.2016.1143373
261,0.55,,0.30,3.95,0,,25,2880,,,,100,,50.6,,,DLS,M,EtOH,2016,10.1080/01932691.2016.1143373
262,0.73,,0.30,3.95,0,,25,2880,,,,100,,52.5,,,DLS,M,EtOH,2016,10.1080/01932691.2016.1143373
263,0.81,,0.30,3.95,0,,25,2880,,,,100,,53.9,,,DLS,M,EtOH,2016,10.1080/01932691.2016.1143373
264,0.37,,0.30,6.14,0,,25,2880,,,,100,,68.8,,,DLS,M,EtOH,2016,10.1080/01932691.2016.1143373
265,0.55,,0.30,6.14,0,,25,2880,,,,100,,63.5,,,DLS,M,EtOH,2016,10.1080/01932691.2016.1143373
266,0.73,,0.30,6.14,0,,25,2880,,,,100,,64.5,,,DLS,M,EtOH,2016,10.1080/01932691.2016.1143373
267,0.81,,0.30,6.14,0,,25,2880,,,,100,,67.4,,,DLS,M,EtOH,2016,10.1080/01932691.2016.1143373
268,0.37,,0.40,3.95,0,,25,2880,,,,100,,86.1,,,DLS,M,EtOH,2016,10.1080/01932691.2016.1143373
269,0.55,,0.40,3.95,0,,25,2880,,,,100,,76.0,,,DLS,M,EtOH,2016,10.1080/01932691.2016.1143373
270,0.73,,0.40,3.95,0,,25,2880,,,,100,,74.1,,,DLS,M,EtOH,2016,10.1080/01932691.2016.1143373
271,0.81,,0.40,3.95,0,,25,2880,,,,100,,72.6,,,DLS,M,EtOH,2016,10.1080/01932691.2016.1143373
272,0.37,,0.40,7.13,0,,25,2880,,,,100,,132.2,,,DLS,M,EtOH,2016,10.1080/01932691.2016.1143373
273,0.55,,0.40,7.13,0,,25,2880,,,,100,,129.8,,,DLS,M,EtOH,2016,10.1080/01932691.2016.1143373
274,0.73,,0.40,7.13,0,,25,2880,,,,100,,114.4,,,DLS,M,EtOH,2016,10.1080/01932691.2016.1143373
275,0.81,,0.40,7.13,0,,25,2880,,,,100,,121.1,,,DLS,M,EtOH,2016,10.1080/01932691.2016.1143373
276,1.27,,0.10,5.63,0,,60,300,,,,1000,,24.1,9.7,,TEM,M,EtOH,2012,10.1021/jp3111875
277,0.05,,0.30,5.63,0,,60,300,,,,1000,,28.7,13.3,,TEM,M,EtOH,2012,10.1021/jp3111875
278,1.27,,0.10,5.63,0,,50,300,,,,1000,,42.3,12.1,,TEM,M,EtOH,2012,10.1021/jp3111875
279,0.22,,0.30,5.63,0,,60,300,,,,1000,,51.3,9.7,,TEM,M,EtOH,2012,10.1021/jp3111875
280,0.1550,,0.318,0.855,0,,20,,,,,,,18.0,20,,TEM,M,EtOH,1992,10.1016/0022-3093(92)90064-Q
281,0.0119,,0.682,5.51,0,,20,,,,,,,100.4,150,,TEM,M,EtOH,1992,10.1016/0022-3093(92)90064-Q
282,0.1700,,0.680,1.65,0,,20,,,,,,,61.8,13,,TEM,M,EtOH,1992,10.1016/0022-3093(92)90064-Q
283,0.1670,,0.512,1.58,0,,20,,,,,,,62.4,13,,TEM,M,EtOH,1992,10.1016/0022-3093(92)90064-Q
284,0.1590,,1.120,3.01,0,,25,,,,,,,124.8,11,,TEM,M,EtOH,1992,10.1016/0022-3093(92)90064-Q
285,0.1600,,0.986,2.65,0,,20,,,,,,,178.8,6,,TEM,M,EtOH,1992,10.1016/0022-3093(92)90064-Q
286,0.1690,,0.960,2.58,0,,55,,,,,,,150.4,21,,TEM,M,EtOH,1992,10.1016/0022-3093(92)90064-Q
287,0.1480,,1.970,5.31,0,,10,,,,,,,962.0,,,TEM,M,EtOH,1992,10.1016/0022-3093(92)90064-Q
288,0.1610,,0.928,2.50,0,,20,,,,,,,36.4,16,,TEM,M,MeOH,1992,10.1016/0022-3093(92)90064-Q
289,0.1780,,0.383,1.03,0,,20,,,,,,,48.4,12,,TEM,M,PrOH,1992,10.1016/0022-3093(92)90064-Q
290,0.10,,0.2,6.00,0.0001,,20,240,,,,,,200,,,SEM,M,EtOH,1997,10.1016/S0927-7757(96)03832-0
291,1.00,,0.20,6.00,0.01,,20,240,,,,,,340,,,SEM,M,EtOH,1997,10.1016/S0927-7757(96)03832-0
292,0.10,,0.20,20.00,0.01,,20,1440,,,,,,630,,,SEM,M,EtOH,1997,10.1016/S0927-7757(96)03832-0
293,1.00,,0.20,20.00,0.0001,,20,1440,,,,,,1730,,,SEM,M,EtOH,1997,10.1016/S0927-7757(96)03832-0
294,0.10,,1.00,6.00,0.01,,20,1440,,,,,,1020,,,SEM,M,EtOH,1997,10.1016/S0927-7757(96)03832-0
295,1.00,,1.00,6.00,0.0001,,20,1440,,,,,,320,,,SEM,M,EtOH,1997,10.1016/S0927-7757(96)03832-0
296,0.10,,1.00,20.00,0.0001,,20,240,,,,,,330,,,SEM,M,EtOH,1997,10.1016/S0927-7757(96)03832-0
297,1.00,,1.00,20.00,0.01,,20,240,,,,,,1020,,,SEM,M,EtOH,1997,10.1016/S0927-7757(96)03832-0
298,0.10,,0.20,6.00,0.0001,,60,1440,,,,,,270,,,SEM,M,EtOH,1997,10.1016/S0927-7757(96)03832-0
299,1.00,,0.20,6.00,0.01,,60,1440,,,,,,330,,,SEM,M,EtOH,1997,10.1016/S0927-7757(96)03832-0
300,0.10,,0.20,20.00,0.01,,60,240,,,,,,410,,,SEM,M,EtOH,1997,10.1016/S0927-7757(96)03832-0
301,1.00,,0.20,20.00,0.0001,,60,240,,,,,,410,,,SEM,M,EtOH,1997,10.1016/S0927-7757(96)03832-0
302,0.10,,1.00,6.00,0.01,,60,240,,,,,,1350,,,SEM,M,EtOH,1997,10.1016/S0927-7757(96)03832-0
303,1.00,,1.00,6.00,0.0001,,60,240,,,,,,310,,,SEM,M,EtOH,1997,10.1016/S0927-7757(96)03832-0
304,0.10,,1.00,20.00,0.0001,,60,1440,,,,,,230,,,SEM,M,EtOH,1997,10.1016/S0927-7757(96)03832-0
305,1.00,,1.00,20.00,0.01,,60,1440,,,,,,850,,,SEM,M,EtOH,1997,10.1016/S0927-7757(96)03832-0
306,0.50,,0.60,13.00,0.005,,40,840,,,,,,1010,,,SEM,M,EtOH,1997,10.1016/S0927-7757(96)03832-0
307,0.50,,0.60,13.00,0.005,,40,840,,,,,,1040,,,SEM,M,EtOH,1997,10.1016/S0927-7757(96)03832-0
308,0.17,13.91,2.23,6.85,0,,26,150,,,,,,289,11.3,,DLS,M,EtOH,2006,10.1016/j.colsurfa.2006.03.015
309,0.15,14.62,1.61,5.41,0,,26,150,,,,,,280,13,,DLS,M,EtOH,2006,10.1016/j.colsurfa.2006.03.015
310,0.14,15.20,1.10,4.23,0,,26,150,,,,,,266,7.8,,DLS,M,EtOH,2006,10.1016/j.colsurfa.2006.03.015
311,0.24,13.68,2.19,6.74,0,,26,150,,,,,,422,17.7,,DLS,M,EtOH,2006,10.1016/j.colsurfa.2006.03.015
312,0.21,14.06,1.93,6.14,0,,26,150,,,,,,295,8.1,,DLS,M,EtOH,2006,10.1016/j.colsurfa.2006.03.015
313,0.19,14.67,1.41,4.94,0,,26,150,,,,,,277,12.9,,DLS,M,EtOH,2006,10.1016/j.colsurfa.2006.03.015
314,0.26,14.46,1.39,4.87,0,,26,150,,,,,,463,17.5,,DLS,M,EtOH,2006,10.1016/j.colsurfa.2006.03.015
315,0.23,14.24,1.71,5.63,0,,26,150,,,,,,293,9.1,,DLS,M,EtOH,2006,10.1016/j.colsurfa.2006.03.015
316,0.29,13.91,1.78,5.77,0,,26,150,,,,,,309,15.5,,DLS,M,EtOH,2006,10.1016/j.colsurfa.2006.03.015
317,0.27,14.62,1.21,4.43,0,,26,150,,,,,,295,9.1,,DLS,M,EtOH,2006,10.1016/j.colsurfa.2006.03.015
318,0.29,13.53,2.17,6.67,0,,26,150,,,,,,536,23.7,,DLS,M,EtOH,2006,10.1016/j.colsurfa.2006.03.015
319,0.29,14.67,1.06,4.08,0,,26,150,,,,,,285,9.7,,DLS,M,EtOH,2006,10.1016/j.colsurfa.2006.03.015
320,0.32,14.06,1.55,5.20,0,,26,150,,,,,,380,13.6,,DLS,M,EtOH,2006,10.1016/j.colsurfa.2006.03.015
321,0.15,14.50,1.33,6.07,0,,26,150,,,,,,390,10.6,,DLS,M,EtOH,2006,10.1016/j.colsurfa.2006.03.015
322,0.23,14.26,1.30,5.96,0,,26,150,,,,,,450,13.6,,DLS,M,EtOH,2006,10.1016/j.colsurfa.2006.03.015
323,0.19,13.81,1.56,7.61,0,,26,150,,,,,,437,19.5,,DLS,M,EtOH,2006,10.1016/j.colsurfa.2006.03.015
324,0.30,13.45,1.52,7.42,0,,26,150,,,,,,528,20.3,,DLS,M,EtOH,2006,10.1016/j.colsurfa.2006.03.015
325,0.17,14.13,2.15,5.42,0,,26,150,,,,,,376,10.4,,DLS,M,EtOH,2006,10.1016/j.colsurfa.2006.03.015
326,0.31,13.68,2.08,5.24,0,,26,150,,,,,,390,12.7,,DLS,M,EtOH,2006,10.1016/j.colsurfa.2006.03.015
327,0.17,,0.80,3.30,0,,55,120,51.9,,,120,,49,9.5,,TEM,M,EtOH,2010,10.1016/j.colsurfa.2010.02.031
328,0.17,,0.60,2.50,0,,55,120,51.9,,,120,,27,13.3,,TEM,M,EtOH,2010,10.1016/j.colsurfa.2010.02.031
329,0.17,,1.80,8.60,0,,40,120,51.9,,,120,,96,7.8,,TEM,M,MeOH,2010,10.1016/j.colsurfa.2010.02.031
330,0.17,,1.70,7.70,0,,40,120,51.9,,,120,,67,9.8,,TEM,M,MeOH,2010,10.1016/j.colsurfa.2010.02.031
331,0.17,,1.40,5.80,0,,55,120,51.9,,,120,,81,9.5,,TEM,M,MeOH-EtOH,2010,10.1016/j.colsurfa.2010.02.031
332,0.17,,1.20,5.00,0,,55,120,51.9,,,120,,53,9.5,,TEM,M,MeOH-EtOH,2010,10.1016/j.colsurfa.2010.02.031
333,0.17,,1.10,4.50,0,,55,120,51.9,,,120,,38,12.8,,TEM,M,MeOH-EtOH,2010,10.1016/j.colsurfa.2010.02.031
334,0.49,15.33,2.02,8.71,0,,60,120,58,,,250,,398.00,,0.041,DLS,M,EtOH,2016,10.1007/s11051-016-3691-8
335,0.41,16.42,1.68,7.23,0,,60,120,70,,,250,,287.0,,0.036,DLS,M,EtOH,2016,10.1007/s11051-016-3691-8
336,0.36,17.02,1.49,6.41,0,,60,120,79,,,250,,257.0,,0.03,DLS,M,EtOH,2016,10.1007/s11051-016-3691-8
337,0.32,17.59,1.30,5.63,0,,60,120,90,,,250,,208.0,,0.031,DLS,M,EtOH,2016,10.1007/s11051-016-3691-8
338,0.29,18.00,1.17,5.08,0,,60,120,100,,,250,,159.0,,0.024,DLS,M,EtOH,2016,10.1007/s11051-016-3691-8
339,0.24,18.64,0.97,4.20,0,,60,120,121,,,250,,101.0,,0.037,DLS,M,EtOH,2016,10.1007/s11051-016-3691-8
340,0.20,19.09,0.83,3.59,0,,60,120,142,,,250,,73.0,,0.053,DLS,M,EtOH,2016,10.1007/s11051-016-3691-8
341,0.49,15.33,2.02,8.71,0,,60,120,58,,,250,,397.0,,0.041,DLS,M,EtOH,2016,10.1007/s11051-016-3691-8
342,0.46,15.74,1.89,8.15,0,,60,120,62,,,250,,400.0,,0.036,DLS,M,EtOH,2016,10.1007/s11051-016-3691-8
343,0.45,15.92,1.83,7.90,0,,60,120,64,,,250,,350.0,,0.111,DLS,M,EtOH,2016,10.1007/s11051-016-3691-8
344,0.43,16.18,1.75,7.55,0,,60,120,67,,,250,,369.0,,0.028,DLS,M,EtOH,2016,10.1007/s11051-016-3691-8
345,0.41,16.42,1.68,7.23,0,,60,120,70,,,250,,282.0,,0.028,DLS,M,EtOH,2016,10.1007/s11051-016-3691-8
346,0.40,16.56,1.63,7.03,0,,60,120,72,,,250,,278.0,,0.002,DLS,M,EtOH,2016,10.1007/s11051-016-3691-8
347,0.39,16.70,1.59,6.84,0,,60,120,74,,,250,,288.0,,0.04,DLS,M,EtOH,2016,10.1007/s11051-016-3691-8
348,0.37,16.90,1.53,6.57,0,,60,120,77,,,250,,270.0,,0.087,DLS,M,EtOH,2016,10.1007/s11051-016-3691-8
349,0.36,17.02,1.49,6.41,0,,60,120,69,,,250,,259.0,,0.05,DLS,M,EtOH,2016,10.1007/s11051-016-3691-8
350,0.35,17.13,1.45,6.25,0,,60,120,81,,,250,,242.0,,0.007,DLS,M,EtOH,2016,10.1007/s11051-016-3691-8
351,0.34,17.30,1.40,6.03,0,,60,120,84,,,250,,249.0,,0.025,DLS,M,EtOH,2016,10.1007/s11051-016-3691-8
352,0.32,17.59,1.30,5.63,0,,60,120,90,,,250,,207.0,,0.036,DLS,M,EtOH,2016,10.1007/s11051-016-3691-8
353,0.30,17.80,1.24,5.34,0,,60,120,95,,,250,,181.0,,0.016,DLS,M,EtOH,2016,10.1007/s11051-016-3691-8
354,0.29,18.00,1.17,5.08,0,,60,120,100,,,250,,159.0,,0.024,DLS,M,EtOH,2016,10.1007/s11051-016-3691-8
355,0.49,15.33,2.02,8.71,0,,60,120,58,,,250,,391.0,13.8,,SEM,M,EtOH,2016,10.1007/s11051-016-3691-8
356,0.46,15.74,1.89,8.15,0,,60,120,62,,,250,,393.0,12.2,,SEM,M,EtOH,2016,10.1007/s11051-016-3691-8
357,0.45,15.92,1.83,7.90,0,,60,120,64,,,250,,320.0,14.7,,SEM,M,EtOH,2016,10.1007/s11051-016-3691-8
358,0.43,16.18,1.75,7.55,0,,60,120,67,,,250,,343.0,7.9,,SEM,M,EtOH,2016,10.1007/s11051-016-3691-8
359,0.41,16.42,1.68,7.23,0,,60,120,70,,,250,,300.0,9.3,,SEM,M,EtOH,2016,10.1007/s11051-016-3691-8
360,0.40,16.56,1.63,7.03,0,,60,120,72,,,250,,291.0,9.3,,SEM,M,EtOH,2016,10.1007/s11051-016-3691-8
361,0.39,16.70,1.59,6.84,0,,60,120,74,,,250,,307.0,9.1,,SEM,M,EtOH,2016,10.1007/s11051-016-3691-8
362,0.37,16.90,1.53,6.57,0,,60,120,77,,,250,,267.0,8.2,,SEM,M,EtOH,2016,10.1007/s11051-016-3691-8
363,0.36,17.02,1.49,6.41,0,,60,120,69,,,250,,252.0,8.7,,SEM,M,EtOH,2016,10.1007/s11051-016-3691-8
364,0.35,17.13,1.45,6.25,0,,60,120,81,,,250,,254.0,13.8,,SEM,M,EtOH,2016,10.1007/s11051-016-3691-8
365,0.34,17.30,1.40,6.03,0,,60,120,84,,,250,,260.0,10.4,,SEM,M,EtOH,2016,10.1007/s11051-016-3691-8
366,0.32,17.59,1.30,5.63,0,,60,120,90,,,250,,210.0,9.5,,SEM,M,EtOH,2016,10.1007/s11051-016-3691-8
367,0.30,17.80,1.24,5.34,0,,60,120,95,,,250,,187.0,12.8,,SEM,M,EtOH,2016,10.1007/s11051-016-3691-8
368,0.29,18.00,1.17,5.08,0,,60,120,100,,,250,,173.0,21.4,,SEM,M,EtOH,2016,10.1007/s11051-016-3691-8
369,0.1805,15.5287,0.5343,3.1700,0,1000,22,4320,10,,,,,63.280,12.53,,TEM,M,EtOH,2020,10.3390/ma13143088
370,0.1805,15.3599,0.6679,3.5090,0,1000,22,4320,10,,,,,131.463,9.31,,TEM,M,EtOH,2020,10.3390/ma13143088
371,0.1805,15.1911,0.8015,3.8918,0,1000,22,4320,10,,,,,253.835,5.10,,TEM,M,EtOH,2020,10.3390/ma13143088
372,0.1805,15.0220,0.9351,4.2526,0,1000,22,4320,10,,,,,266.276,5.47,,TEM,M,EtOH,2020,10.3390/ma13143088
373,0.1805,14.8535,1.0686,4.6135,0,1000,22,4320,10,,,,,294.691,5.91,,TEM,M,EtOH,2020,10.3390/ma13143088
374,0.1805,14.6848,1.2022,4.9744,0,1000,22,4320,10,,,,,291.014,6.73,,TEM,M,EtOH,2020,10.3390/ma13143088
375,0.1805,14.5160,1.3358,5.3352,0,1000,22,4320,10,,,,,299.843,5.11,,TEM,M,EtOH,2020,10.3390/ma13143088
376,0.1805,14.3472,1.4694,5.6961,0,1000,22,4320,10,,,,,299.820,5.35,,TEM,M,EtOH,2020,10.3390/ma13143088
377,0.1805,14.1784,1.6030,6.0570,0,1000,22,4320,10,,,,,317.531,5.14,,TEM,M,EtOH,2020,10.3390/ma13143088
378,0.1805,14.0096,1.7365,6.4178,0,1000,22,4320,10,,,,,325.260,5.15,,TEM,M,EtOH,2020,10.3390/ma13143088
379,0.1805,13.8408,1.8701,6.7787,0,1000,22,4320,10,,,,,337.832,3.38,,TEM,M,EtOH,2020,10.3390/ma13143088
380,0.1805,13.6720,2.0037,7.1396,0,1000,22,4320,10,,,,,353.191,5.26,,TEM,M,EtOH,2020,10.3390/ma13143088
381,0.1805,13.5032,2.1373,7.5004,0,1000,22,4320,10,,,,,373.210,5.69,,TEM,M,EtOH,2020,10.3390/ma13143088
382,0.1805,13.1656,2.4044,8.2221,0,1000,22,4320,10,,,,,383.613,5.41,,TEM,M,EtOH,2020,10.3390/ma13143088
383,0.1805,12.8281,2.6716,8.9439,0,1000,22,4320,10,,,,,386.761,4.52,,TEM,M,EtOH,2020,10.3390/ma13143088
384,0.1805,12.4905,2.9388,9.6656,0,1000,22,4320,10,,,,,395.760,4.34,,TEM,M,EtOH,2020,10.3390/ma13143088
385,0.1805,12.1529,3.2059,10.3873,0,1000,22,4320,10,,,,,405.391,3.48,,TEM,M,EtOH,2020,10.3390/ma13143088
386,0.1805,11.8153,3.4731,11.1091,0,1000,22,4320,10,,,,,420.410,3.42,,TEM,M,EtOH,2020,10.3390/ma13143088
387,0.1805,16.2136,0.4809,1.4470,0,1000,22,4320,10,,,,,13.242,20.77,,TEM,M,EtOH,2020,10.3390/ma13143088
388,0.1805,16.1785,0.5076,1.5225,0,1000,22,4320,10,,,,,19.647,15.89,,TEM,M,EtOH,2020,10.3390/ma13143088
389,0.1805,16.1434,0.5343,1.5981,0,1000,22,4320,10,,,,,25.812,13.67,,TEM,M,EtOH,2020,10.3390/ma13143088
390,0.1805,16.1083,0.5610,1.6737,0,1000,22,4320,10,,,,,27.825,14.53,,TEM,M,EtOH,2020,10.3390/ma13143088
391,0.1805,16.0732,0.5878,1.7493,0,1000,22,4320,10,,,,,33.458,13.89,,TEM,M,EtOH,2020,10.3390/ma13143088
392,0.1805,16.0381,0.6145,1.8249,0,1000,22,4320,10,,,,,40.472,12.20,,TEM,M,EtOH,2020,10.3390/ma13143088
393,0.1805,16.0030,0.6412,1.9005,0,1000,22,4320,10,,,,,44.143,12.82,,TEM,M,EtOH,2020,10.3390/ma13143088
394,0.1805,15.9679,0.6679,1.9761,0,1000,22,4320,10,,,,,47.778,13.17,,TEM,M,EtOH,2020,10.3390/ma13143088
395,0.1805,15.9328,0.6946,2.0517,0,1000,22,4320,10,,,,,53.635,12.99,,TEM,M,EtOH,2020,10.3390/ma13143088
396,0.1805,15.8977,0.7213,2.1273,0,1000,22,4320,10,,,,,61.214,12.29,,TEM,M,EtOH,2020,10.3390/ma13143088
397,0.1805,15.8626,0.7480,2.2029,0,1000,22,4320,10,,,,,67.213,13.85,,TEM,M,EtOH,2020,10.3390/ma13143088
398,0.1805,15.8275,0.7748,2.2784,0,1000,22,4320,10,,,,,72.103,13.76,,TEM,M,EtOH,2020,10.3390/ma13143088
399,0.1805,15.7924,0.8015,2.3540,0,1000,22,4320,10,,,,,81.944,14.55,,TEM,M,EtOH,2020,10.3390/ma13143088
400,0.1805,15.6170,0.9351,2.7320,0,1000,22,4320,10,,,,,101.456,13.23,,TEM,M,EtOH,2020,10.3390/ma13143088
401,0.1805,15.5292,1.0018,2.9210,0,1000,22,4320,10,,,,,131.319,16.41,,TEM,M,EtOH,2020,10.3390/ma13143088
402,0.1805,15.2660,1.2022,3.4879,0,1000,22,4320,10,,,,,277.079,3.69,,TEM,M,EtOH,2020,10.3390/ma13143088
403,0.1805,14.2132,2.0037,5.7556,0,1000,22,4320,10,,,,,348.721,3.41,,TEM,M,EtOH,2020,10.3390/ma13143088
404,0.1805,12.6340,3.2059,9.1572,0,1000,22,4320,10,,,,,396.782,2.29,,TEM,M,EtOH,2020,10.3390/ma13143088
405,0.1805,16.1434,0.5343,1.5981,0,1000,22,4320,10,,,,,26.321,14.86,,TEM,M,EtOH,2020,10.3390/ma13143088
406,0.1805,16.0557,0.6011,1.7871,0,1000,22,4320,10,,,,,39.112,11.70,,TEM,M,EtOH,2020,10.3390/ma13143088
407,0.1805,15.9679,0.6679,1.9761,0,1000,22,4320,10,,,,,48.213,14.18,,TEM,M,EtOH,2020,10.3390/ma13143088
408,0.1805,15.8802,0.7347,2.1651,0,1000,22,4320,10,,,,,65.781,13.72,,TEM,M,EtOH,2020,10.3390/ma13143088
409,0.1805,15.7924,0.8015,2.3540,0,1000,22,4320,10,,,,,82.094,14.63,,TEM,M,EtOH,2020,10.3390/ma13143088
410,0.1805,15.7047,0.8683,2.5430,0,1000,22,4320,10,,,,,95.679,13.57,,TEM,M,EtOH,2020,10.3390/ma13143088
411,0.1805,15.6170,0.9351,2.7320,0,1000,22,4320,10,,,,,114.135,12.66,,TEM,M,EtOH,2020,10.3390/ma13143088
412,0.1805,15.5292,1.0018,2.9210,0,1000,22,4320,10,,,,,136.078,11.52,,TEM,M,EtOH,2020,10.3390/ma13143088
413,0.1,,0.8,3.0,0,,20,,,,,,,274,5.2,,TEM,M,EtOH,1994,10.1016/0955-2219(94)90087-6
414,0.2,,0.8,3.0,0,,20,,,,,,,267,10.00,,TEM,M,EtOH,1994,10.1016/0955-2219(94)90087-6
415,0.4,,0.8,3.0,0,,20,,,,,,,161,15.90,,TEM,M,EtOH,1994,10.1016/0955-2219(94)90087-6
416,0.2,,0.8,3.0,0,,40,,,,,,,146,8.63,,TEM,M,EtOH,1994,10.1016/0955-2219(94)90087-6
417,0.1,,0.8,3.0,0,,60,,,,,,,89,11.27,,TEM,M,EtOH,1994,10.1016/0955-2219(94)90087-6
418,0.2,,0.8,3.0,0,,60,,,,,,,87,9.77,,TEM,M,EtOH,1994,10.1016/0955-2219(94)90087-6
419,0.4,,0.8,3.0,0,,60,,,,,,,86,9.62,,TEM,M,EtOH,1994,10.1016/0955-2219(94)90087-6
420,0.2,,0.8,8.0,0,,20,,,,,,,665,3.76,,TEM,M,EtOH,1994,10.1016/0955-2219(94)90087-6
421,0.2,,0.8,8.0,0,,40,,,,,,,309,4.92,,TEM,M,EtOH,1994,10.1016/0955-2219(94)90087-6
422,0.2,,0.8,8.0,0,,60,,,,,,,186,5.65,,TEM,M,EtOH,1994,10.1016/0955-2219(94)90087-6
423,0.1,,0.8,13.0,0,,20,,,,,,,283,11.20,,TEM,M,EtOH,1994,10.1016/0955-2219(94)90087-6
424,0.2,,0.8,13.0,0,,20,,,,,,,555,2.79,,TEM,M,EtOH,1994,10.1016/0955-2219(94)90087-6
425,0.4,,0.8,13.0,0,,20,,,,,,,692,2.31,,TEM,M,EtOH,1994,10.1016/0955-2219(94)90087-6
426,0.2,,0.8,13.0,0,,40,,,,,,,310,4.00,,TEM,M,EtOH,1994,10.1016/0955-2219(94)90087-6
427,0.1,,0.8,13.0,0,,60,,,,,,,166,9.22,,TEM,M,EtOH,1994,10.1016/0955-2219(94)90087-6
428,0.2,,0.8,13.0,0,,60,,,,,,,240,5.33,,TEM,M,EtOH,1994,10.1016/0955-2219(94)90087-6
429,0.4,,0.8,13.0,0,,60,,,,,,,224,4.02,,TEM,M,EtOH,1994,10.1016/0955-2219(94)90087-6
430,0.2,,2.5,3.0,0,,20,,,,,,,510,5.49,,TEM,M,EtOH,1994,10.1016/0955-2219(94)90087-6
431,0.2,,2.5,3.0,0,,40,,,,,,,311,8.04,,TEM,M,EtOH,1994,10.1016/0955-2219(94)90087-6
432,0.2,,2.5,3.0,0,,60,,,,,,,185,8.00,,TEM,M,EtOH,1994,10.1016/0955-2219(94)90087-6
433,0.2,,2.5,8.0,0,,20,,,,,,,633,1.79,,TEM,M,EtOH,1994,10.1016/0955-2219(94)90087-6
434,0.2,,2.5,8.0,0,,40,,,,,,,550,2.13,,TEM,M,EtOH,1994,10.1016/0955-2219(94)90087-6
435,0.2,,2.5,8.0,0,,40,,,,,,,572,2.12,,TEM,M,EtOH,1994,10.1016/0955-2219(94)90087-6
436,0.2,,2.5,8.0,0,,40,,,,,,,537,2.03,,TEM,M,EtOH,1994,10.1016/0955-2219(94)90087-6
437,0.2,,2.5,8.0,0,,60,,,,,,,260,7.69,,TEM,M,EtOH,1994,10.1016/0955-2219(94)90087-6
438,0.2,,2.5,13.0,0,,20,,,,,,,550,2.13,,TEM,M,EtOH,1994,10.1016/0955-2219(94)90087-6
439,0.2,,2.5,13.0,0,,40,,,,,,,320,4.31,,TEM,M,EtOH,1994,10.1016/0955-2219(94)90087-6
440,0.2,,2.5,13.0,0,,60,,,,,,,261,6.40,,TEM,M,EtOH,1994,10.1016/0955-2219(94)90087-6
441,0.1,,4.2,3.0,0,,20,,,,,,,588,3.86,,TEM,M,EtOH,1994,10.1016/0955-2219(94)90087-6
442,0.2,,4.2,3.0,0,,20,,,,,,,660,6.06,,TEM,M,EtOH,1994,10.1016/0955-2219(94)90087-6
443,0.4,,4.2,3.0,0,,20,,,,,,,660,,,TEM,M,EtOH,1994,10.1016/0955-2219(94)90087-6
444,0.2,,4.2,3.0,0,,40,,,,,,,421,6.10,,TEM,M,EtOH,1994,10.1016/0955-2219(94)90087-6
445,0.1,,4.2,3.0,0,,60,,,,,,,242,4.46,,TEM,M,EtOH,1994,10.1016/0955-2219(94)90087-6
446,0.2,,4.2,3.0,0,,60,,,,,,,300,10.17,,TEM,M,EtOH,1994,10.1016/0955-2219(94)90087-6
447,0.4,,4.2,3.0,0,,60,,,,,,,395,12.61,,TEM,M,EtOH,1994,10.1016/0955-2219(94)90087-6
448,0.2,,4.2,8.0,0,,20,,,,,,,730,6.85,,TEM,M,EtOH,1994,10.1016/0955-2219(94)90087-6
449,0.2,,4.2,8.0,0,,40,,,,,,,534,5.99,,TEM,M,EtOH,1994,10.1016/0955-2219(94)90087-6
450,0.2,,4.2,8.0,0,,60,,,,,,,310,4.84,,TEM,M,EtOH,1994,10.1016/0955-2219(94)90087-6
451,0.1,,4.2,13.0,0,,20,,,,,,,417,1.97,,TEM,M,EtOH,1994,10.1016/0955-2219(94)90087-6
452,0.2,,4.2,13.0,0,,20,,,,,,,602,1.63,,TEM,M,EtOH,1994,10.1016/0955-2219(94)90087-6
453,0.4,,4.2,13.0,0,,20,,,,,,,600,,,TEM,M,EtOH,1994,10.1016/0955-2219(94)90087-6
454,0.2,,4.2,13.0,0,,40,,,,,,,466,1.72,,TEM,M,EtOH,1994,10.1016/0955-2219(94)90087-6
455,0.1,,4.2,13.0,0,,60,,,,,,,271,3.36,,TEM,M,EtOH,1994,10.1016/0955-2219(94)90087-6
456,0.2,,4.2,13.0,0,,60,,,,,,,283,4.03,,TEM,M,EtOH,1994,10.1016/0955-2219(94)90087-6
457,0.4,,4.2,13.0,0,,60,,,,,,,308,2.79,,TEM,M,EtOH,1994,10.1016/0955-2219(94)90087-6
458,0.250,12.14,1.09,11.67,0,250,20,1440,,,,,,500,4,,SEM,M,EtOH,2019,Suna2019
459,0.250,12.14,1.09,5.67,0,250,20,1440,,,,,,526,3,,SEM,M,EtOH,2019,Suna2019
460,0.250,12.14,1.09,11.67,0,250,20,1440,,,,,,514,5,,SEM,M,EtOH,2019,Suna2019
461,0.250,12.14,1.09,17.67,0,250,20,1440,,,,,,442,4,,SEM,M,EtOH,2019,Suna2019
462,0.250,12.14,0.27,11.67,0,250,20,1440,,,,,,384,7,,SEM,M,EtOH,2019,Suna2019
463,0.250,12.14,0.55,11.67,0,250,20,1440,,,,,,452,14,,SEM,M,EtOH,2019,Suna2019
464,0.250,12.14,1.09,11.67,0,250,20,1440,,,,,,530,17,,SEM,M,EtOH,2019,Suna2019
465,0.250,12.14,2.18,11.67,0,250,20,1440,,,,,,608,4,,SEM,M,EtOH,2019,Suna2019
466,0.250,12.14,3.27,11.67,0,250,20,1440,,,,,,542,10,,SEM,M,EtOH,2019,Suna2019
467,0.050,12.14,1.09,11.67,0,250,20,1440,,,,,,302,18,,SEM,M,EtOH,2019,Suna2019
468,0.100,12.14,1.09,11.67,0,250,20,1440,,,,,,381,10,,SEM,M,EtOH,2019,Suna2019
469,0.180,12.14,1.09,11.67,0,250,20,1440,,,,,,498,7,,SEM,M,EtOH,2019,Suna2019
470,0.250,12.14,1.09,11.67,0,250,20,1440,,,,,,521,9,,SEM,M,EtOH,2019,Suna2019
471,0.350,12.14,1.09,11.67,0,250,20,1440,,,,,,564,5,,SEM,M,EtOH,2019,Suna2019
472,0.500,12.14,1.09,11.67,0,250,20,1440,,,,,,679,3,,SEM,M,EtOH,2019,Suna2019
473,0.750,12.14,1.09,11.67,0,250,20,1440,,,,,,838,5,,SEM,M,EtOH,2019,Suna2019
474,0.250,12.14,1.09,11.67,0,250,20,30,,,,,0.1,218,17,,SEM,M,EtOH,2019,Suna2019
475,0.250,12.14,1.09,11.67,0,250,20,61,,,,,0.1,623,6,,SEM,M,EtOH,2019,Suna2019
476,0.250,12.14,1.09,11.67,0,250,20,118,,,,,0.1,663,7,,SEM,M,EtOH,2019,Suna2019
477,0.250,12.14,1.09,11.67,0,250,20,237,,,,,0.1,671,6,,SEM,M,EtOH,2019,Suna2019
478,0.250,12.14,1.09,11.67,0,250,20,476,,,,,0.1,669,7,,SEM,M,EtOH,2019,Suna2019
479,0.250,12.14,1.09,11.67,0,250,20,1416,,,,,0.1,656,7,,SEM,M,EtOH,2019,Suna2019
480,0.250,12.14,1.09,11.67,0,250,20,2888,,,,,0.1,677,6,,SEM,M,EtOH,2019,Suna2019
481,0.250,12.14,1.09,11.67,0,250,20,4,,,,,,255,14,,SEM,M,EtOH,2019,Suna2019
482,0.250,12.14,1.09,11.67,0,250,20,10,,,,,,405,6,,SEM,M,EtOH,2019,Suna2019
483,0.250,12.14,1.09,11.67,0,250,20,30,,,,,,532,4,,SEM,M,EtOH,2019,Suna2019
484,0.250,12.14,1.09,11.67,0,250,20,122,,,,,,545,4,,SEM,M,EtOH,2019,Suna2019
485,0.250,12.14,1.09,11.67,0,250,20,237,,,,,,537,4,,SEM,M,EtOH,2019,Suna2019
486,0.250,12.14,1.09,11.67,0,250,20,469,,,,,,529,4,,SEM,M,EtOH,2019,Suna2019
487,0.250,12.14,1.09,11.67,0,250,20,1396,,,,,,537,4,,SEM,M,EtOH,2019,Suna2019
488,0.125,12.14,1.09,11.67,0,250,20,1440,,,,,0.02,453,14,,SEM,M,EtOH,2019,Suna2019
489,0.250,12.14,1.09,11.67,0,250,20,1440,,,,,0.02,586,9,,SEM,M,EtOH,2019,Suna2019
490,0.125,12.14,1.09,11.67,0,250,20,1440,,,,,0.1,418,7,,SEM,M,EtOH,2019,Suna2019
491,0.250,12.14,1.09,11.67,0,250,20,1440,,,,,0.1,540,11,,SEM,M,EtOH,2019,Suna2019
492,0.125,12.14,1.09,11.67,0,250,20,1440,,,,,,390,5,,SEM,M,EtOH,2019,Suna2019
493,0.250,12.14,1.09,11.67,0,250,20,1440,,,,,,485,4,,SEM,M,EtOH,2019,Suna2019
494,0.250,12.14,1.09,11.67,0,0,20,7.5,,,,,,195,17,,SEM,M,EtOH,2019,Suna2019
495,0.250,12.14,1.09,11.67,0,0,20,30,,,,,,287,21,,SEM,M,EtOH,2019,Suna2019
496,0.250,12.14,1.09,11.67,0,0,20,120,,,,,,304,24,,SEM,M,EtOH,2019,Suna2019
497,0.250,12.14,1.09,11.67,0,250,20,7.5,,,,,,303,8,,SEM,M,EtOH,2019,Suna2019
498,0.250,12.14,1.09,11.67,0,250,20,30,,,,,,440,5,,SEM,M,EtOH,2019,Suna2019
499,0.250,12.14,1.09,11.67,0,250,20,120,,,,,,460,4,,SEM,M,EtOH,2019,Suna2019
500,0.250,12.14,1.09,11.67,0,810,20,7.5,,,,,,326,7,,SEM,M,EtOH,2019,Suna2019
501,0.250,12.14,1.09,11.67,0,810,20,30,,,,,,442,4,,SEM,M,EtOH,2019,Suna2019
502,0.250,12.14,1.09,11.67,0,810,20,120,,,,,,474,4,,SEM,M,EtOH,2019,Suna2019
503,0.500,,0.05,9.00,0,,,960,,,,,,68,,,SEM,M,EtOH,2015,10.1166/jnn.2015.19595
504,0.500,,0.25,9.00,0,,,960,,,,,,220,,,SEM,M,EtOH,2015,10.1166/jnn.2015.19595
505,0.500,,0.50,9.00,0,,,960,,,,,,350,,,SEM,M,EtOH,2015,10.1166/jnn.2015.19595
506,0.500,,1.00,9.00,0,,,960,,,,,,660,,,SEM,M,EtOH,2015,10.1166/jnn.2015.19595
507,0.500,,1.50,9.00,0,,,960,,,,,,830,,,SEM,M,EtOH,2015,10.1166/jnn.2015.19595
508,0.500,,1.75,9.00,0,,,960,,,,,,910,,,SEM,M,EtOH,2015,10.1166/jnn.2015.19595
509,0.250,,0.10,7.50,0,,45,1440,,,,,,20,9,,TEM,M,EtOH,2019,10.1007/s10971-019-05025-z
510,0.250,,0.14,12.00,0,,55,1440,,,,,,17,10,,TEM,M,EtOH,2019,10.1007/s10971-019-05025-z
511,0.250,,0.18,17.50,0,,65,1440,,,,,,21,10,,TEM,M,EtOH,2019,10.1007/s10971-019-05025-z
512,0.250,,0.22,24.00,0,,75,1440,,,,,,21,9,,TEM,M,EtOH,2019,10.1007/s10971-019-05025-z
513,0.300,,0.14,7.50,0,,65,1440,,,,,,17,10,,TEM,M,EtOH,2019,10.1007/s10971-019-05025-z
514,0.300,,0.10,12.00,0,,75,1440,,,,,,8,17,,TEM,M,EtOH,2019,10.1007/s10971-019-05025-z
515,0.300,,0.22,17.50,0,,45,1440,,,,,,34,11,,TEM,M,EtOH,2019,10.1007/s10971-019-05025-z
516,0.300,,0.18,24.00,0,,55,1440,,,,,,23,12,,TEM,M,EtOH,2019,10.1007/s10971-019-05025-z
517,0.350,,0.18,7.50,0,,75,1440,,,,,,19,9,,TEM,M,EtOH,2019,10.1007/s10971-019-05025-z
518,0.350,,0.22,12.00,0,,65,1440,,,,,,32,9,,TEM,M,EtOH,2019,10.1007/s10971-019-05025-z
519,0.350,,0.10,17.50,0,,55,1440,,,,,,8,10,,TEM,M,EtOH,2019,10.1007/s10971-019-05025-z
520,0.350,,0.14,24.00,0,,45,1440,,,,,,17,11,,TEM,M,EtOH,2019,10.1007/s10971-019-05025-z
521,0.400,,0.22,7.50,0,,55,1440,,,,,,37,10,,TEM,M,EtOH,2019,10.1007/s10971-019-05025-z
522,0.400,,0.18,12.00,0,,45,1440,,,,,,33,10,,TEM,M,EtOH,2019,10.1007/s10971-019-05025-z
523,0.400,,0.14,17.50,0,,75,1440,,,,,,6,13,,TEM,M,EtOH,2019,10.1007/s10971-019-05025-z
524,0.400,,0.10,24.00,0,,65,1440,,,,,,6,15,,TEM,M,EtOH,2019,10.1007/s10971-019-05025-z
525,0.197,20.81,1.41,12.52,0,,20,60,,,,,,376,8,,TEM,M,MeOH,2012,10.1021/la301351k
526,0.169,17.90,2.38,15.51,0,,20,60,,,,,,377,11,,TEM,M,MeOH,2012,10.1021/la301351k
527,0.065,21.41,1.46,12.86,0,,20,60,,,,,,243,14,,TEM,M,MeOH,2012,10.1021/la301351k
528,0.222,23.51,0.52,9.75,0,,20,60,,,,,,127,13,,TEM,M,MeOH,2012,10.1021/la301351k
529,0.210,22.24,0.41,12.44,0,,20,60,,,,,,98,16,,TEM,M,MeOH,2012,10.1021/la301351k
530,0.197,20.81,1.41,12.52,0,,20,60,,,,,,390,23,,DLS,M,MeOH,2012,10.1021/la301351k
531,0.169,17.90,2.38,15.51,0,,20,60,,,,,,405,19,,DLS,M,MeOH,2012,10.1021/la301351k
532,0.065,21.41,1.46,12.86,0,,20,60,,,,,,276,20,,DLS,M,MeOH,2012,10.1021/la301351k
533,0.222,23.51,0.52,9.75,0,,20,60,,,,,,151,23,,DLS,M,MeOH,2012,10.1021/la301351k
534,0.210,22.24,0.41,12.44,0,,20,60,,,,,,124,19,,DLS,M,MeOH,2012,10.1021/la301351k
535,13.19,84.89,0.48,1.44,0,,25,300,,636,,,,13,,0.35,DLS,%m/m,IMS,2018,10.1007/s10971-018-4821-9
536,13.21,82.52,0.47,3.79,0,,25,300,,636,,,,32,,0.20,DLS,%m/m,IMS,2018,10.1007/s10971-018-4821-9
537,13.24,77.76,0.47,8.53,0,,25,300,,636,,,,123,,0.06,DLS,%m/m,IMS,2018,10.1007/s10971-018-4821-9
538,13.21,73.12,0.48,13.20,0,,25,300,,636,,,,234,,0.05,DLS,%m/m,IMS,2018,10.1007/s10971-018-4821-9
539,13.25,68.35,0.48,17.91,0,,25,300,,636,,,,352,,0.06,DLS,%m/m,IMS,2018,10.1007/s10971-018-4821-9
540,13.24,65.15,0.48,21.14,0,,25,300,,636,,,,579,,0.15,DLS,%m/m,IMS,2018,10.1007/s10971-018-4821-9
541,13.21,61.25,0.48,25.06,0,,25,300,,636,,,,727,,0.05,DLS,%m/m,IMS,2018,10.1007/s10971-018-4821-9
542,13.18,57.26,0.47,29.09,0,,25,300,,636,,,,754,,0.09,DLS,%m/m,IMS,2018,10.1007/s10971-018-4821-9
543,13.20,53.46,0.47,32.86,0,,25,300,,636,,,,819,,0.07,DLS,%m/m,IMS,2018,10.1007/s10971-018-4821-9
544,13.23,49.47,0.48,36.81,0,,25,300,,636,,,,677,,0.05,DLS,%m/m,IMS,2018,10.1007/s10971-018-4821-9
545,13.20,45.57,0.48,40.75,0,,25,300,,636,,,,451,,0.02,DLS,%m/m,IMS,2018,10.1007/s10971-018-4821-9
546,13.23,37.64,0.48,48.65,0,,25,300,,636,,,,198,,0.41,DLS,%m/m,IMS,2018,10.1007/s10971-018-4821-9
547,19.65,74.30,0.57,5.48,0,,25,300,,636,,,,16,,,TEM,%m/m,EtOH,2018,10.1007/s10971-018-4821-9
548,19.65,70.52,0.57,9.26,0,,25,300,,636,,,,69,,,TEM,%m/m,EtOH,2018,10.1007/s10971-018-4821-9
549,19.65,62.96,0.57,16.82,0,,25,300,,636,,,,169,,,TEM,%m/m,EtOH,2018,10.1007/s10971-018-4821-9
550,19.65,55.40,0.57,24.38,0,,25,300,,636,,,,359,,,TEM,%m/m,EtOH,2018,10.1007/s10971-018-4821-9
551,19.66,51.61,0.57,28.17,0,,25,300,,636,,,,626,,,TEM,%m/m,EtOH,2018,10.1007/s10971-018-4821-9
552,19.65,47.85,0.57,31.93,0,,25,300,,636,,,,657,,,TEM,%m/m,EtOH,2018,10.1007/s10971-018-4821-9
553,19.66,40.26,0.57,39.51,0,,25,300,,636,,,,483,,,TEM,%m/m,EtOH,2018,10.1007/s10971-018-4821-9
554,19.66,32.70,0.57,47.07,0,,25,300,,636,,,,83,,,TEM,%m/m,EtOH,2018,10.1007/s10971-018-4821-9
555,18.94,20.58,0.55,59.93,0,,25,300,,636,,,,16,,,TEM,%m/m,EtOH,2018,10.1007/s10971-018-4821-9
556,19.66,2.46,0.57,77.32,0,,25,300,,636,,,,10,,,TEM,%m/m,EtOH,2018,10.1007/s10971-018-4821-9
557,0.214,,0.498,5.87,0,150,25,,,,,,,461,,,TEM,M,EtOH,1996,10.1021/ie9602217
558,0.212,,0.997,9.89,0,150,25,,,,,,,615,,,TEM,M,EtOH,1996,10.1021/ie9602217
559,0.212,,2.000,14.90,0,150,25,,,,,,,477,,,TEM,M,EtOH,1996,10.1021/ie9602217
560,0.212,,0.500,9.88,0,150,20,,,,,,,481,,,TEM,M,EtOH,1996,10.1021/ie9602217
561,0.212,,1.000,15.00,0,150,20,,,,,,,446,,,TEM,M,EtOH,1996,10.1021/ie9602217
562,0.212,,2.000,6.00,0,150,20,,,,,,,733,,,TEM,M,EtOH,1996,10.1021/ie9602217
563,0.212,,0.494,14.90,0,150,35,,,,,,,369,,,TEM,M,EtOH,1996,10.1021/ie9602217
564,0.213,,1.990,9.92,0,150,35,,,,,,,689,,,TEM,M,EtOH,1996,10.1021/ie9602217
565,0.212,,0.996,5.98,0,150,35,,,,,,,496,,,TEM,M,EtOH,1996,10.1021/ie9602217
566,0.212,,2.000,6.00,0,150,20,3,,,,,,132,,,TEM,M,EtOH,1996,10.1021/ie9602217
567,0.212,,2.000,6.00,0,150,20,4,,,,,,194,,,TEM,M,EtOH,1996,10.1021/ie9602217
568,0.212,,2.000,6.00,0,150,20,5,,,,,,241,,,TEM,M,EtOH,1996,10.1021/ie9602217
569,0.212,,2.000,6.00,0,150,20,6,,,,,,279,,,TEM,M,EtOH,1996,10.1021/ie9602217
570,0.212,,2.000,6.00,0,150,20,8,,,,,,390,,,TEM,M,EtOH,1996,10.1021/ie9602217
571,0.212,,2.000,6.00,0,150,20,11,,,,,,467,,,TEM,M,EtOH,1996,10.1021/ie9602217
572,0.212,,2.000,6.00,0,150,20,16,,,,,,530,,,TEM,M,EtOH,1996,10.1021/ie9602217
573,0.212,,2.000,6.00,0,150,20,22,,,,,,583,,,TEM,M,EtOH,1996,10.1021/ie9602217
574,0.21,,2.000,6.00,0,150,20,28,,,,,,610,,,TEM,M,EtOH,1996,10.1021/ie9602217
575,0.150,,0.200,8.80,0,,,180,,,,,,274,3,,SEM,M,EtOH,1997,10.1006/jcis.1997.5089
576,0.500,,0.040,2.20,0,,25,689,,,,,,23,,,SAXS,M,EtOH,1997,10.1006/jcis.1997.5112
577,0.50,,0.040,2.20,0,,25,847,,,,,,27,,,SAXS,M,EtOH,1997,10.1006/jcis.1997.5112
578,0.50,,0.040,2.20,0,,25,1023,,,,,,29,,,SAXS,M,EtOH,1997,10.1006/jcis.1997.5112
579,0.50,,0.040,2.20,0,,25,1262,,,,,,31,,,SAXS,M,EtOH,1997,10.1006/jcis.1997.5112
580,0.50,,0.040,2.20,0,,25,1469,,,,,,34,,,SAXS,M,EtOH,1997,10.1006/jcis.1997.5112
581,0.50,,0.040,2.20,0,,25,1657,,,,,,35,,,SAXS,M,EtOH,1997,10.1006/jcis.1997.5112
582,0.50,,0.040,2.20,0,,25,1745,,,,,,35,,,SAXS,M,EtOH,1997,10.1006/jcis.1997.5112
583,0.50,,0.040,2.20,0,,25,1845,,,,,,36,,,SAXS,M,EtOH,1997,10.1006/jcis.1997.5112
584,0.50,,0.040,2.20,0,,25,1958,,,,,,36,,,SAXS,M,EtOH,1997,10.1006/jcis.1997.5112
585,0.50,,0.040,2.20,0,,25,2052,,,,,,37,,,SAXS,M,EtOH,1997,10.1006/jcis.1997.5112
586,0.50,,0.040,2.20,0,,25,2152,,,,,,37,,,SAXS,M,EtOH,1997,10.1006/jcis.1997.5112
587,0.50,,0.040,2.20,0,,25,2258,,,,,,37,,,SAXS,M,EtOH,1997,10.1006/jcis.1997.5112
588,0.50,,0.040,2.20,0,,25,2358,,,,,,37,,,SAXS,M,EtOH,1997,10.1006/jcis.1997.5112
589,0.500,,0.010,1.10,0,,25,,,,,,,9,3,,SAXS,M,MeOH,2003,10.1016/s0021-9797(03)00610-6
590,0.50,,0.010,2.20,0,,25,,,,,,,9,5,,SAXS,M,MeOH,2003,10.1016/s0021-9797(03)00610-6
591,0.50,,0.010,4.40,0,,25,,,,,,,10,2,,SAXS,M,MeOH,2003,10.1016/s0021-9797(03)00610-6
592,0.50,,0.050,1.10,0,,25,,,,,,,8,5,,SAXS,M,MeOH,2003,10.1016/s0021-9797(03)00610-6
593,0.50,,0.100,2.20,0,,25,,,,,,,9,3,,SAXS,M,MeOH,2003,10.1016/s0021-9797(03)00610-6
594,0.50,,0.100,2.20,0,,25,122,,,,,,10,,,SAXS,M,MeOH,2003,10.1016/s0021-9797(03)00610-6
595,0.50,,0.100,2.20,0,,25,153,,,,,,7,,,SAXS,M,MeOH,2003,10.1016/s0021-9797(03)00610-6
596,0.50,,0.100,2.20,0,,25,184,,,,,,8,,,SAXS,M,MeOH,2003,10.1016/s0021-9797(03)00610-6
597,0.50,,0.100,2.20,0,,25,213,,,,,,8,,,SAXS,M,MeOH,2003,10.1016/s0021-9797(03)00610-6
598,0.50,,0.100,2.20,0,,25,245,,,,,,10,,,SAXS,M,MeOH,2003,10.1016/s0021-9797(03)00610-6
599,0.50,,0.100,2.20,0,,25,274,,,,,,9,,,SAXS,M,MeOH,2003,10.1016/s0021-9797(03)00610-6
600,0.50,,0.100,2.20,0,,25,304,,,,,,8,,,SAXS,M,MeOH,2003,10.1016/s0021-9797(03)00610-6
601,0.50,,0.100,2.20,0,,25,333,,,,,,9,,,SAXS,M,MeOH,2003,10.1016/s0021-9797(03)00610-6
602,0.50,,0.100,2.20,0,,25,362,,,,,,9,,,SAXS,M,MeOH,2003,10.1016/s0021-9797(03)00610-6
603,0.50,,0.100,2.20,0,,25,395,,,,,,9,,,SAXS,M,MeOH,2003,10.1016/s0021-9797(03)00610-6
604,0.50,,0.100,2.20,0,,25,424,,,,,,9,,,SAXS,M,MeOH,2003,10.1016/s0021-9797(03)00610-6
605,0.50,,0.100,2.20,0,,25,453,,,,,,9,,,SAXS,M,MeOH,2003,10.1016/s0021-9797(03)00610-6
606,0.50,,0.100,2.20,0,,25,483,,,,,,10,,,SAXS,M,MeOH,2003,10.1016/s0021-9797(03)00610-6
607,0.50,,0.100,2.20,0,,25,512,,,,,,9,,,SAXS,M,MeOH,2003,10.1016/s0021-9797(03)00610-6
608,0.50,,0.100,2.20,0,,25,544,,,,,,9,,,SAXS,M,MeOH,2003,10.1016/s0021-9797(03)00610-6
609,0.50,,0.100,2.20,0,,25,572,,,,,,10,,,SAXS,M,MeOH,2003,10.1016/s0021-9797(03)00610-6
610,0.50,,0.100,2.20,0,,25,603,,,,,,10,,,SAXS,M,MeOH,2003,10.1016/s0021-9797(03)00610-6
611,0.50,,0.100,2.20,0,,25,631,,,,,,10,,,SAXS,M,MeOH,2003,10.1016/s0021-9797(03)00610-6
612,0.50,,0.100,2.20,0,,25,663,,,,,,9,,,SAXS,M,MeOH,2003,10.1016/s0021-9797(03)00610-6
613,0.50,,0.100,2.20,0,,25,693,,,,,,9,,,SAXS,M,MeOH,2003,10.1016/s0021-9797(03)00610-6
614,0.50,,0.100,2.20,0,,25,722,,,,,,10,,,SAXS,M,MeOH,2003,10.1016/s0021-9797(03)00610-6
615,0.50,,0.100,2.20,0,,25,154,,,,,,17,,,SAXS,M,EtOH,2003,10.1016/s0021-9797(03)00610-6
616,0.50,,0.100,2.20,0,,25,210,,,,,,16,,,SAXS,M,EtOH,2003,10.1016/s0021-9797(03)00610-6
617,0.20,,1.00,8.5,0,,25,120,50,,,,,319,19,,SEM,M,EtOH,2006,10.4028/www.scientific.net/msf.509.187
618,0.20,,1.00,9.0,0,,25,120,50,,,,,393,15,,SEM,M,EtOH,2006,10.4028/www.scientific.net/msf.509.187
619,0.20,,1.00,9.5,0,,25,120,50,,,,,381,11,,SEM,M,EtOH,2006,10.4028/www.scientific.net/msf.509.187
620,0.20,,1.00,10.5,0,,25,120,50,,,,,364,7,,SEM,M,EtOH,2006,10.4028/www.scientific.net/msf.509.187
621,0.20,,1.00,10.0,0,,25,120,50,,,,,542,6,,SEM,M,EtOH,2006,10.4028/www.scientific.net/msf.509.187
622,0.20,,1.00,11.0,0,,25,120,50,,,,,457,6,,SEM,M,EtOH,2006,10.4028/www.scientific.net/msf.509.187
623,0.20,,1.00,11.5,0,,25,120,50,,,,,409,13,,SEM,M,EtOH,2006,10.4028/www.scientific.net/msf.509.187
624,0.20,,1.00,12.0,0,,25,120,50,,,,,408,15,,SEM,M,EtOH,2006,10.4028/www.scientific.net/msf.509.187
625,0.20,,1.00,12.5,0,,25,120,50,,,,,390,9,,SEM,M,EtOH,2006,10.4028/www.scientific.net/msf.509.187
626,0.20,,1.00,13.0,0,,25,120,50,,,,,331,11,,SEM,M,EtOH,2006,10.4028/www.scientific.net/msf.509.187
627,0.20,,1.00,13.5,0,,25,120,50,,,,,382,8,,SEM,M,EtOH,2006,10.4028/www.scientific.net/msf.509.187
628,0.28,,1.00,8.0,0,,25,120,50,,,,,807,6,,SEM,M,EtOH,2006,10.4028/www.scientific.net/msf.509.187
629,0.28,,1.00,10.0,0,,25,120,50,,,,,565,6,,SEM,M,EtOH,2006,10.4028/www.scientific.net/msf.509.187
630,0.28,,1.00,12.5,0,,25,120,50,,,,,246,22,,SEM,M,EtOH,2006,10.4028/www.scientific.net/msf.509.187
631,0.20,,0.25,10.0,0,,25,120,50,,,,,297,9,,SEM,M,EtOH,2006,10.4028/www.scientific.net/msf.509.187
632,0.20,,1.00,10.0,0,,25,120,50,,,,,547,8,,SEM,M,EtOH,2006,10.4028/www.scientific.net/msf.509.187
633,0.20,,1.25,10.0,0,,25,120,50,,,,,660,6,,SEM,M,EtOH,2006,10.4028/www.scientific.net/msf.509.187
634,0.20,,2.00,10.0,0,,25,120,50,,,,,724,8,,SEM,M,EtOH,2006,10.4028/www.scientific.net/msf.509.187
635,0.20,,2.25,10.0,0,,25,120,50,,,,,592,9,,SEM,M,EtOH,2006,10.4028/www.scientific.net/msf.509.187
636,0.20,,2.50,10.0,0,,25,120,50,,,,,562,7,,SEM,M,EtOH,2006,10.4028/www.scientific.net/msf.509.187
637,0.28,,0.25,8.0,0,,25,120,50,,,,,278,8,,SEM,M,EtOH,2006,10.4028/www.scientific.net/msf.509.187
638,0.28,,0.5,8.0,0,,25,120,50,,,,,326,14,,SEM,M,EtOH,2006,10.4028/www.scientific.net/msf.509.187
639,0.28,,1.0,8.0,0,,25,120,50,,,,,806,6,,SEM,M,EtOH,2006,10.4028/www.scientific.net/msf.509.187
640,0.28,,1.5,8.0,0,,25,120,50,,,,,771,9,,SEM,M,EtOH,2006,10.4028/www.scientific.net/msf.509.187
641,0.67,,0.54,4.2,0,,20,300,,,,,,680,7,,SEM,M,IPA,2010,10.1016/j.jcis.2009.09.018
642,0.75,,0.6,4.7,0,,20,300,,,,,,783,5,,SEM,M,IPA,2010,10.1016/j.jcis.2009.09.018
643,0.90,,0.7,5.6,0,,20,300,,,,,,820,4,,SEM,M,IPA,2010,10.1016/j.jcis.2009.09.018
644,1.12,,0.9,7.0,0,,20,300,,,,,,860,3,,SEM,M,IPA,2010,10.1016/j.jcis.2009.09.018
645,1.24,,1.0,7.8,0,,5,300,,,,,,930,3,,SEM,M,IPA,2010,10.1016/j.jcis.2009.09.018
646,0.75,,0.5,4.7,0,,20,300,,,,,,508,15,,SEM,M,IPA,2010,10.1016/j.jcis.2009.09.018
647,0.75,,0.6,4.7,0,,20,300,,,,,,783,3,,SEM,M,IPA,2010,10.1016/j.jcis.2009.09.018
648,0.75,,0.8,4.7,0,,20,300,,,,,,873,3,,SEM,M,IPA,2010,10.1016/j.jcis.2009.09.018
649,0.75,,0.6,4.7,0,,20,300,,,,,,783,3,,SEM,M,IPA,2010,10.1016/j.jcis.2009.09.018
650,0.75,,0.6,6.0,0,,20,300,,,,,,799,5,,SEM,M,IPA,2010,10.1016/j.jcis.2009.09.018
651,0.75,,0.6,9.0,0,,20,300,,,,,,753,7,,SEM,M,IPA,2010,10.1016/j.jcis.2009.09.018
652,0.75,,0.6,4.7,0,,20,300,,,,,,170,29,,SEM,M,EtOH,2010,10.1016/j.jcis.2009.09.018
653,0.07,0.40,0.0030,0.2,0,,45,,,,,,,5,20,0.122,TEM,mol,EtOH,2009,10.1016/j.cplett.2008.12.031
654,0.06,0.40,0.0020,0.2,0,,45,,,,,,,21,33,0.136,TEM,mol,EtOH,2009,10.1016/j.cplett.2008.12.031
655,0.06,0.40,0.0045,0.2,0,,45,,,,,,,30,20,0.141,TEM,mol,EtOH,2009,10.1016/j.cplett.2008.12.031
656,0.05,0.40,0.0015,0.2,0,,45,,,,,,,18,22,0.132,TEM,mol,EtOH,2009,10.1016/j.cplett.2008.12.031
657,0.05,0.40,0.0030,0.2,0,,45,,,,,,,23,22,0.102,TEM,mol,EtOH,2009,10.1016/j.cplett.2008.12.031
658,0.05,0.40,0.0070,0.2,0,,45,,,,,,,28,29,0.113,TEM,mol,EtOH,2009,10.1016/j.cplett.2008.12.031
659,0.04,0.40,0.0020,0.2,0,,45,,,,,,,18,28,0.105,TEM,mol,EtOH,2009,10.1016/j.cplett.2008.12.031
660,0.04,0.40,0.0045,0.2,0,,45,,,,,,,18,22,0.072,TEM,mol,EtOH,2009,10.1016/j.cplett.2008.12.031
661,0.04,0.40,0.0030,0.2,0,,45,,,,,,,15,27,0.103,TEM,mol,EtOH,2009,10.1016/j.cplett.2008.12.031
662,0.07,0.60,0.0030,0.1,0,,45,,,,,,,16,25,0.160,TEM,mol,EtOH,2009,10.1016/j.cplett.2008.12.031
663,0.07,0.60,0.0030,0.4,0,,45,,,,,,,21,24,0.111,TEM,mol,EtOH,2009,10.1016/j.cplett.2008.12.031
664,0.07,0.20,0.0030,0.1,0,,45,,,,,,,34,79,0.122,TEM,mol,EtOH,2009,10.1016/j.cplett.2008.12.031
665,0.07,0.20,0.0030,0.4,0,,45,,,,,,,21,38,0.206,TEM,mol,EtOH,2009,10.1016/j.cplett.2008.12.031
666,0.18,,0.5,9.0,0,,20,240,,,,,,250,,,DLS,M,EtOH,2011,10.1134/s1061933x11040156
667,0.18,,1.1,9.0,0,,20,240,,,,,,230,,,DLS,M,EtOH,2011,10.1134/s1061933x11040156
668,0.18,,1.4,9.0,0,,20,240,,,,,,281,,,DLS,M,EtOH,2011,10.1134/s1061933x11040156
669,0.18,,1.6,9.0,0,,20,240,,,,,,261,,,DLS,M,EtOH,2011,10.1134/s1061933x11040156
670,0.18,,2.0,9.0,0,,20,240,,,,,,299,,,DLS,M,EtOH,2011,10.1134/s1061933x11040156
671,0.18,,2.5,9.0,0,,20,240,,,,,,339,,,DLS,M,EtOH,2011,10.1134/s1061933x11040156
672,0.18,,1.1,9.0,0,,20,240,,,,,,270,,,DLS,M,EtOH,2011,10.1134/s1061933x11040156
673,0.18,,1.5,9.0,0,,20,240,,,,,,365,,,DLS,M,EtOH,2011,10.1134/s1061933x11040156
674,0.18,,1.4,9.0,0,,20,240,,,,,,402,,,DLS,M,EtOH,2011,10.1134/s1061933x11040156
675,0.18,,1.7,9.0,0,,20,240,,,,,,459,,,DLS,M,EtOH,2011,10.1134/s1061933x11040156
676,0.18,,2.1,9.0,0,,20,240,,,,,,477,,,DLS,M,EtOH,2011,10.1134/s1061933x11040156
677,0.18,,2.5,9.0,0,,20,240,,,,,,587,,,DLS,M,EtOH,2011,10.1134/s1061933x11040156
678,0.18,,3.0,9.0,0,,20,240,,,,,,661,,,DLS,M,EtOH,2011,10.1134/s1061933x11040156
679,0.10,13.46,1.12,8.4,0,400,40,120,15,,,,,274,,0.040,SEM,M,EtOH,2011,10.1016/j.cej.2011.05.019
680,0.17,21.91,1.26,2.8,0,400,40,120,15,,,,,195,,0.018,SEM,M,EtOH,2011,10.1016/j.cej.2011.05.019
681,0.10,13.46,1.12,8.4,0,400,40,120,15,,,,,58,,0.043,SEM,M,MeOH,2011,10.1016/j.cej.2011.05.019
682,0.21,10.00,2.0,,0,200,26,1440,4000,,,,,327,4,,SEM,M,EtOH,2006,10.1049/mnl.2016.0189 
683,0.21,10.00,2.0,,0,400,26,1440,4000,,,,,339,6,,SEM,M,EtOH,2006,10.1049/mnl.2016.0189 
684,0.21,10.00,2.0,,0,800,26,1440,4000,,,,,328,8,,SEM,M,EtOH,2006,10.1049/mnl.2016.0189 
685,0.21,10.00,2.0,,0,1200,26,1440,4000,,,,,308,10,,SEM,M,EtOH,2006,10.1049/mnl.2016.0189 
686,0.21,10.00,2.0,,0,800,12,1440,4000,,,,,521,5,,SEM,M,EtOH,2006,10.1049/mnl.2016.0189 
687,0.21,10.00,2.0,,0,800,18,1440,4000,,,,,481,5,,SEM,M,EtOH,2006,10.1049/mnl.2016.0189 
688,0.21,10.00,2.0,,0,800,32,1440,4000,,,,,232,10,,SEM,M,EtOH,2006,10.1049/mnl.2016.0189 
689,0.21,10.00,2.0,,0,800,40,1440,4000,,,,,181,10,,SEM,M,EtOH,2006,10.1049/mnl.2016.0189 
690,0.21,10.00,2.0,,0,800,57,1440,4000,,,,,113,10,,SEM,M,EtOH,2006,10.1049/mnl.2016.0189 
691,0.21,10.00,2.0,,0,800,66,1440,4000,,,,,91,10,,SEM,M,EtOH,2006,10.1049/mnl.2016.0189 
692,0.21,10.00,2.0,,0,800,32,1440,80,,,,,307,11,,SEM,M,EtOH,2006,10.1049/mnl.2016.0189 
693,0.21,10.00,2.0,,0,800,32,1440,400,,,,,301,9,,SEM,M,EtOH,2006,10.1049/mnl.2016.0189 
694,0.21,10.00,2.0,,0,800,32,1440,2000,,,,,289,8,,SEM,M,EtOH,2006,10.1049/mnl.2016.0189 
695,0.21,10.00,2.0,,0,800,32,1440,4000,,,,,232,10,,SEM,M,EtOH,2006,10.1049/mnl.2016.0189 
696,0.08,,0.25,,0,,,420,,,,,,16,24,,TEM,M,EtOH,2017,10.1021/acs.langmuir.7b01140
697,0.08,,0.50,,0,,,420,,,,,,62,18,,TEM,M,EtOH,2017,10.1021/acs.langmuir.7b01140
698,0.08,,0.73,,0,,,420,,,,,,162,12,,TEM,M,EtOH,2017,10.1021/acs.langmuir.7b01140
699,0.08,,0.95,,0,,,420,,,,,,350,4,,TEM,M,EtOH,2017,10.1021/acs.langmuir.7b01140
700,0.08,,1.17,,0,,,420,,,,,,415,4,,TEM,M,EtOH,2017,10.1021/acs.langmuir.7b01140
701,0.08,,1.58,,0,,,420,,,,,,480,4,,TEM,M,EtOH,2017,10.1021/acs.langmuir.7b01140
702,1.00,40.00,,,0,,,60,,,,,,157,,0.021,SEM,mL,EtOH,2018,10.1016/j.photonics.2018.01.002
703,1.00,30.00,,,0,,,60,,,,,,204,,0.011,SEM,mL,EtOH,2018,10.1016/j.photonics.2018.01.002
704,1.00,20.00,,,0,,,60,,,,,,233,,0.019,SEM,mL,EtOH,2018,10.1016/j.photonics.2018.01.002
705,1.00,10.00,,,0,,,60,,,,,,301,,0.029,SEM,mL,EtOH,2018,10.1016/j.photonics.2018.01.002
706,1.00,40.00,,,0,,,60,,,,,,181,,0.021,DLS,mL,EtOH,2018,10.1016/j.photonics.2018.01.002
707,1.00,30.00,,,0,,,60,,,,,,236,,0.011,DLS,mL,EtOH,2018,10.1016/j.photonics.2018.01.002
708,1.00,20.00,,,0,,,60,,,,,,279,,0.019,DLS,mL,EtOH,2018,10.1016/j.photonics.2018.01.002
709,1.00,10.00,,,0,,,60,,,,,,347,,0.029,DLS,mL,EtOH,2018,10.1016/j.photonics.2018.01.002
710,0.02,,0.52,8.32,0,450,40,,,,,,,181,19,,DLS,mol,EtOH,2006,10.1021/ie060299f
711,0.07,,0.52,8.32,0,450,40,,,,,,,250,21,,DLS,mol,EtOH,2006,10.1021/ie060299f
712,0.22,,0.52,8.32,0,450,40,,,,,,,400,18,,DLS,mol,EtOH,2006,10.1021/ie060299f
713,0.45,,0.52,8.32,0,450,40,,,,,,,525,21,,DLS,mol,EtOH,2006,10.1021/ie060299f
714,0.67,,0.52,8.32,0,450,40,,,,,,,883,33,,DLS,mol,EtOH,2006,10.1021/ie060299f
715,0.07,,0.52,0.55,0,450,40,,,,,,,53,25,,DLS,mol,EtOH,2006,10.1021/ie060299f
716,0.07,,0.52,2.77,0,450,40,,,,,,,87,29,,DLS,mol,EtOH,2006,10.1021/ie060299f
717,0.07,,0.52,5.55,0,450,40,,,,,,,141,29,,DLS,mol,EtOH,2006,10.1021/ie060299f
718,0.07,,0.52,8.32,0,450,40,,,,,,,125,21,,DLS,mol,EtOH,2006,10.1021/ie060299f
719,0.07,,0.52,11.10,0,450,40,,,,,,,107,17,,DLS,mol,EtOH,2006,10.1021/ie060299f
720,0.07,,0.26,0.55,0,450,40,,,,,,,24,30,,DLS,mol,EtOH,2006,10.1021/ie060299f
721,0.07,,0.52,0.55,0,450,40,,,,,,,53,25,,DLS,mol,EtOH,2006,10.1021/ie060299f
722,0.07,,0.78,0.55,0,450,40,,,,,,,63,23,,DLS,mol,EtOH,2006,10.1021/ie060299f
723,0.07,,1.05,0.55,0,450,40,,,,,,,71,20,,DLS,mol,EtOH,2006,10.1021/ie060299f
724,0.07,,1.31,0.55,0,450,40,,,,,,,83,18,,DLS,mol,EtOH,2006,10.1021/ie060299f
725,0.07,,0.52,0.55,0,450,40,,,,,,,11,33,,DLS,mol,MeOH,2006,10.1021/ie060299f
726,0.07,,0.52,0.55,0,450,40,,,,,,,53,25,,DLS,mol,EtOH,2006,10.1021/ie060299f
727,0.07,,0.52,0.55,0,450,40,,,,,,,484,21,,DLS,mol,PrOH,2006,10.1021/ie060299f
728,0.07,,0.52,0.55,0,450,40,,,,,,,1740,16,,DLS,mol,BuOH,2006,10.1021/ie060299f
729,0.05,,2.00,1.75,0,450,20,,,,,,,249,19,,DLS,mol,EtOH,2006,10.1021/ie060299f
730,0.05,,2.00,1.75,0,450,40,,,,,,,231,26,,DLS,mol,EtOH,2006,10.1021/ie060299f
731,0.05,,2.00,1.75,0,450,60,,,,,,,161,15,,DLS,mol,EtOH,2006,10.1021/ie060299f
732,1.00,57,2.0,21.6,0,,70,120,,,,,,28,9,,TEM,mol,EtOH,2017,10.18321/ectj677
733,1.00,33,0.60,4.8,0,,70,120,,,,,,18,11,,TEM,mol,EtOH,2017,10.18321/ectj677
734,1.00,33,0.20,15,0,,70,120,,,,,,13,8,,TEM,mol,EtOH,2017,10.18321/ectj677